Date,Open,High,Low,Close
2006/11/10,33.6,35.4,33.6,35.4
2006/11/13,36.6,37.3,36.3,37.3
2006/11/14,38.0,38.0,38.0,38.0
2006/11/15,38.3,38.6,38.3,38.6
2006/11/16,39.6,40.7,39.6,40.3
2006/11/17,40.7,41.1,40.3,41.1
2006/11/20,42.0,42.0,42.0,42.0
2006/11/21,42.0,42.0,42.0,42.0
2006/11/22,40.3,42.0,40.3,42.0
2006/11/23,40.3,40.3,40.1,40.1
2006/11/24,40.1,40.1,40.1,40.1
2006/11/27,38.6,39.0,38.3,39.0
2006/11/28,37.8,38.3,36.3,37.6
2006/11/29,37.6,39.0,37.6,39.0
2006/11/30,39.3,39.3,39.0,39.0
2006/12/01,40.3,40.3,39.6,39.6
2006/12/04,39.0,39.0,38.3,38.3
2006/12/05,37.6,38.3,37.6,37.6
2006/12/06,37.6,37.6,37.6,37.6
2006/12/07,37.0,38.6,37.0,37.6
2006/12/08,37.0,38.3,36.6,38.3
2006/12/11,38.3,38.3,38.3,38.3
2006/12/15,36.3,36.3,36.3,36.3
2006/12/18,36.5,36.5,36.5,36.5
2006/12/19,36.3,36.3,35.9,35.9
2006/12/20,35.9,35.9,35.6,35.6
2006/12/21,35.6,35.6,35.6,35.6
2006/12/26,36.6,37.0,36.3,36.3
2006/12/27,36.3,36.3,36.3,36.3
2006/12/28,36.3,36.3,36.3,36.3
2006/12/29,36.3,36.3,36.3,36.3
2007/01/01,36.3,36.3,36.3,36.3
2007/01/03,36.3,36.3,36.3,36.3
2007/01/04,36.3,37.6,36.3,37.6
2007/01/05,37.6,37.6,37.6,37.6
2007/01/09,38.3,38.3,37.3,38.0
2007/01/10,38.0,38.0,38.0,38.0
2007/01/12,36.3,36.3,36.3,36.3
2007/01/15,36.3,37.2,36.3,37.2
2007/01/16,36.3,36.3,36.3,36.3
2007/01/17,36.3,37.8,36.3,37.8
2007/01/18,37.0,37.8,37.0,37.8
2007/01/19,37.8,37.8,37.8,37.8
2007/01/22,37.8,37.8,37.8,37.8
2007/01/23,37.8,37.8,37.8,37.8
2007/01/24,37.0,37.0,36.3,37.0
2007/01/25,37.0,37.0,37.0,37.0
2007/01/30,36.3,37.2,36.3,37.2
2007/01/31,37.2,37.2,37.2,37.2
2007/02/01,36.6,37.0,36.6,37.0
2007/02/02,37.0,37.3,37.0,37.0
2007/02/05,38.0,38.3,37.6,38.3
2007/02/06,38.3,38.3,38.3,38.3
2007/02/07,38.3,38.6,38.3,38.3
2007/02/08,38.3,38.5,38.3,38.5
2007/02/09,37.6,37.6,37.6,37.6
2007/02/12,37.6,38.0,37.6,38.0
2007/02/13,37.6,38.2,37.6,38.2
2007/02/14,37.6,38.0,37.6,37.6
2007/02/26,38.3,38.6,38.3,38.6
2007/02/27,38.6,39.0,38.6,39.0
2007/03/01,38.0,40.3,38.0,40.3
2007/03/02,39.6,40.0,39.3,40.0
2007/03/05,41.9,42.7,41.7,42.7
2007/03/06,40.7,42.7,40.7,42.3
2007/03/07,42.7,42.9,42.3,42.9
2007/03/08,43.2,43.7,43.1,43.5
2007/03/09,43.5,43.5,43.5,43.5
2007/03/12,43.5,43.5,43.5,43.5
2007/03/13,44.7,44.8,44.7,44.8
2007/03/15,45.0,45.7,45.0,45.7
2007/03/16,46.7,48.7,46.7,48.7
2007/03/19,49.1,49.8,49.1,49.8
2007/03/20,50.4,50.4,49.7,50.4
2007/03/21,50.4,53.5,50.4,53.5
2007/03/22,53.4,53.4,53.1,53.1
2007/03/26,51.7,51.7,50.4,50.4
2007/03/27,50.4,50.4,50.4,50.4
2007/03/28,49.7,49.7,47.7,47.7
2007/03/29,46.4,46.4,46.4,46.4
2007/03/30,47.0,48.4,46.4,48.4
2007/04/02,46.4,47.0,46.4,47.0
2007/04/03,45.7,45.7,45.7,45.7
2007/04/04,45.7,45.7,45.7,45.7
2007/04/09,45.7,45.7,45.7,45.7
2007/04/11,45.7,45.7,45.7,45.7
2007/04/12,45.6,45.6,45.6,45.6
2007/04/13,45.0,45.0,45.0,45.0
2007/04/16,45.4,45.4,45.4,45.4
2007/04/18,45.4,45.4,45.4,45.4
2007/04/20,46.0,46.0,45.0,45.9
2007/04/23,45.9,45.9,45.9,45.9
2007/04/24,46.4,46.4,46.4,46.4
2007/04/25,46.4,46.4,46.4,46.4
2007/05/01,46.4,46.4,46.4,46.4
2007/05/02,38.0,47.0,38.0,46.4
2007/05/04,46.4,46.4,46.4,46.4
2007/05/10,46.4,46.4,46.4,46.4
2007/05/11,46.4,46.4,46.4,46.4
2007/05/14,46.4,46.4,46.4,46.4
2007/05/15,46.4,46.4,46.4,46.4
2007/05/16,47.7,47.7,47.7,47.7
2007/05/22,47.7,47.7,47.0,47.0
2007/05/23,49.1,49.1,47.7,47.7
2007/05/24,47.0,47.7,47.0,47.7
2007/05/29,49.1,51.1,49.1,51.1
2007/05/30,52.7,59.9,52.7,59.9
2007/05/31,61.1,64.6,60.5,64.2
2007/06/01,64.2,64.2,60.8,60.8
2007/06/04,61.8,61.8,60.1,60.1
2007/06/05,61.1,61.1,60.8,60.8
2007/06/07,60.5,60.8,59.8,60.1
2007/06/08,62.5,62.5,62.5,62.5
2007/06/11,62.5,67.2,60.5,60.7
2007/06/12,65.8,66.2,65.2,65.2
2007/06/13,67.2,70.6,67.2,70.6
2007/06/14,71.2,73.6,69.5,71.2
2007/06/15,71.2,73.9,71.2,72.6
2007/06/20,69.2,69.5,68.5,69.5
2007/06/21,70.1,70.1,70.1,70.1
2007/06/25,63.8,63.8,63.8,63.8
2007/06/26,61.8,61.9,61.6,61.8
2007/06/27,61.8,62.1,61.8,62.1
2007/06/28,61.8,62.5,61.8,62.5
2007/06/29,62.5,62.5,61.8,61.8
2007/07/02,61.8,61.8,61.8,61.8
2007/07/03,61.8,61.8,61.1,61.8
2007/07/04,62.5,62.8,61.8,62.8
2007/07/05,61.8,62.2,61.8,62.2
2007/07/06,61.8,63.2,61.8,63.2
2007/07/09,64.5,65.2,63.8,64.8
2007/07/10,65.2,68.5,65.2,67.2
2007/07/11,68.9,71.9,67.2,71.9
2007/07/12,70.6,72.6,70.6,72.6
2007/07/13,70.6,79.5,70.6,79.5
2007/07/16,76.6,84.5,76.6,84.5
2007/07/17,80.6,87.3,80.6,87.3
2007/07/18,87.3,88.9,84.7,86.7
2007/07/19,87.3,88.7,86.7,88.7
2007/07/20,84.0,88.0,84.0,88.0
2007/07/23,89.4,89.4,87.3,89.4
2007/07/24,90.0,94.7,89.4,94.1
2007/07/25,95.1,96.7,94.4,95.1
2007/07/26,97.5,99.1,97.5,98.3
2007/07/27,99.9,99.9,95.1,99.9
2007/07/30,101.1,104.7,100.3,104.7
2007/07/31,106.2,110.2,106.2,109.4
2007/08/01,111.0,111.8,109.4,111.0
2007/08/02,111.0,115.0,104.7,106.2
2007/08/03,110.6,114.2,109.4,111.0
2007/08/06,109.4,111.4,109.4,111.4
2007/08/07,109.4,109.4,105.5,107.8
2007/08/08,105.5,107.0,105.5,106.2
2007/08/09,107.8,111.0,102.3,111.0
2007/08/10,100.7,103.1,100.7,103.1
2007/08/14,102.3,102.3,100.7,100.7
2007/08/15,96.7,96.7,94.8,95.1
2007/08/16,91.2,94.7,78.9,81.3
2007/08/17,83.3,84.4,79.3,84.0
2007/08/20,83.3,84.8,82.1,84.0
2007/08/21,84.8,84.8,84.0,84.0
2007/08/23,80.9,84.8,80.9,84.8
2007/08/29,88.8,88.8,84.8,85.6
2007/08/30,87.2,87.6,85.6,87.6
2007/08/31,87.2,88.0,86.0,86.4
2007/09/03,89.6,89.6,85.6,85.6
2007/09/04,85.6,85.6,84.0,85.2
2007/09/05,84.0,85.6,79.3,79.3
2007/09/06,79.3,81.7,76.1,77.3
2007/09/07,80.1,80.1,76.1,78.5
2007/09/10,78.1,78.5,76.9,78.1
2007/09/11,77.3,80.1,76.9,79.3
2007/09/12,80.1,81.3,79.3,80.1
2007/09/13,80.9,80.9,77.7,79.3
2007/09/14,77.7,80.1,77.7,80.1
2007/09/17,77.7,80.1,77.7,79.3
2007/09/19,79.3,80.1,79.3,79.3
2007/09/20,79.7,79.7,78.5,79.0
2007/09/21,77.7,79.3,77.7,79.3
2007/09/26,80.9,80.9,77.7,79.3
2007/09/27,79.7,80.1,77.7,79.3
2007/09/28,81.0,81.0,77.7,79.7
2007/10/01,79.7,81.0,79.3,80.1
2007/10/02,81.0,81.7,79.3,80.9
2007/10/03,80.1,80.9,79.3,80.5
2007/10/04,81.7,81.7,79.3,80.1
2007/10/05,79.3,80.5,79.3,80.5
2007/10/08,79.7,80.5,78.5,79.3
2007/10/09,80.1,80.1,77.7,77.7
2007/10/11,77.7,79.3,77.7,78.5
2007/10/12,76.9,76.9,75.3,76.1
2007/10/15,75.3,75.3,72.9,73.3
2007/10/16,73.7,73.7,72.9,73.7
2007/10/17,72.9,73.7,72.9,73.3
2007/10/18,72.9,73.7,72.9,73.3
2007/10/19,73.3,74.1,73.3,73.7
2007/10/22,73.4,74.5,73.4,74.5
2007/10/23,75.3,76.1,72.9,75.3
2007/10/24,75.3,76.1,73.3,73.3
2007/10/25,74.5,75.7,73.3,75.3
2007/10/26,77.7,79.3,76.1,78.1
2007/10/29,77.7,84.4,77.7,84.4
2007/10/30,80.9,83.6,80.9,83.3
2007/10/31,83.3,84.0,81.7,83.3
2007/11/01,84.0,85.6,80.9,84.8
2007/11/02,82.5,84.0,72.9,82.5
2007/11/05,81.7,84.8,72.9,84.8
2007/11/06,84.8,84.8,84.8,84.8
2007/11/07,84.8,84.8,84.8,84.8
2007/11/08,84.8,84.8,84.8,84.8
2007/11/09,84.8,84.8,84.8,84.8
2007/11/12,65.8,84.8,63.0,84.8
2007/11/13,64.2,84.8,64.1,84.8
2007/11/14,66.7,84.8,66.3,84.8
2007/11/15,66.6,84.8,65.6,84.8
2007/11/16,84.8,84.8,84.8,84.8
2007/11/19,64.6,84.8,63.8,84.8
2007/11/20,63.4,84.8,63.1,84.8
2007/11/21,84.8,84.8,84.8,84.8
2007/11/22,67.0,70.8,67.0,70.8
2007/11/23,71.0,73.3,69.0,69.0
2007/11/26,69.8,69.9,65.8,66.3
2007/11/27,64.3,67.4,64.3,66.4
2007/11/28,66.4,66.4,64.9,64.9
2007/11/29,65.2,66.0,64.3,64.4
2007/11/30,64.5,66.6,64.5,66.5
2007/12/03,67.6,67.6,67.6,67.6
2007/12/04,67.1,67.4,66.6,67.1
2007/12/05,67.0,69.0,66.6,68.9
2007/12/06,69.8,69.9,67.4,67.4
2007/12/07,68.9,68.9,67.6,68.5
2007/12/10,67.6,67.6,66.6,66.6
2007/12/11,66.6,66.6,64.5,64.5
2007/12/12,63.5,64.9,63.4,64.2
2007/12/13,63.8,63.8,60.0,60.4
2007/12/14,60.3,60.3,56.2,58.3
2007/12/17,57.1,57.9,55.9,57.0
2007/12/18,56.4,57.0,55.5,57.0
2007/12/19,57.9,58.3,57.8,58.3
2007/12/20,57.9,57.9,56.3,57.8
2007/12/21,56.5,58.2,56.5,57.5
2007/12/24,58.4,58.4,56.3,57.0
2007/12/25,57.4,57.4,55.5,55.7
2007/12/26,56.3,56.3,53.9,54.2
2007/12/27,52.7,55.5,52.7,55.5
2007/12/28,55.5,56.2,54.8,56.2
2007/12/31,55.7,57.8,55.7,57.1
2008/01/02,56.7,57.3,54.0,54.0
2008/01/03,54.0,54.0,53.1,53.5
2008/01/04,52.7,53.8,52.7,52.9
2008/01/07,52.3,52.3,49.2,49.2
2008/01/08,49.2,49.2,47.3,47.8
2008/01/09,45.2,46.2,44.6,46.1
2008/01/10,46.9,47.6,46.4,46.8
2008/01/11,46.9,48.1,46.8,47.0
2008/01/14,47.8,48.4,46.4,46.4
2008/01/15,47.2,47.7,45.7,46.0
2008/01/16,45.6,45.6,44.5,44.7
2008/01/17,44.7,46.4,43.0,44.4
2008/01/18,42.5,43.6,42.5,43.2
2008/01/21,43.0,43.3,42.8,42.8
2008/01/22,42.0,42.0,39.9,39.9
2008/01/23,40.0,40.0,37.3,37.7
2008/01/24,38.1,39.2,36.6,37.7
2008/01/25,38.3,39.2,38.3,38.9
2008/01/28,38.9,38.9,37.3,37.3
2008/01/29,37.3,38.0,37.3,37.7
2008/01/30,37.8,40.1,37.8,39.9
2008/01/31,40.0,40.0,38.2,38.2
2008/02/01,38.5,39.4,38.5,38.8
2008/02/12,37.3,38.9,37.3,38.5
2008/02/13,39.2,39.2,36.9,37.3
2008/02/14,37.6,38.9,36.9,38.6
2008/02/15,37.7,41.0,37.7,41.0
2008/02/18,42.3,43.8,42.3,43.8
2008/02/19,44.4,45.7,43.8,44.7
2008/02/20,44.7,44.7,43.6,44.4
2008/02/21,45.0,46.3,44.6,45.9
2008/02/22,46.4,49.1,46.4,48.8
2008/02/25,49.2,49.4,47.3,47.3
2008/02/26,47.9,47.9,46.4,46.5
2008/02/27,46.8,47.6,46.6,46.9
2008/02/29,46.8,47.5,46.8,47.3
2008/03/03,46.7,46.7,44.4,45.2
2008/03/04,45.2,46.4,45.2,46.1
2008/03/05,46.4,46.9,46.0,46.1
2008/03/06,46.1,48.4,46.1,48.0
2008/03/07,47.4,51.4,47.2,51.4
2008/03/10,53.8,54.9,52.3,54.5
2008/03/11,52.3,55.3,51.5,54.0
2008/03/12,56.7,57.6,55.1,55.3
2008/03/13,56.8,58.7,56.4,56.5
2008/03/14,57.6,57.8,53.9,54.0
2008/03/17,52.7,54.0,52.2,52.4
2008/03/18,52.5,53.1,51.5,52.4
2008/03/19,53.8,53.8,51.9,51.9
2008/03/20,52.6,54.5,52.6,53.3
2008/03/21,53.5,54.2,53.5,53.5
2008/03/24,57.1,57.1,53.9,53.9
2008/03/25,54.7,56.3,54.3,56.3
2008/03/26,57.1,57.1,54.7,54.8
2008/03/27,54.7,54.7,53.5,53.8
2008/03/28,54.0,55.4,53.9,54.5
2008/03/31,54.7,54.9,54.1,54.3
2008/04/01,54.3,54.7,53.7,53.9
2008/04/02,54.7,55.9,54.4,54.7
2008/04/03,55.2,55.4,54.4,55.3
2008/04/07,55.3,55.8,54.4,55.3
2008/04/08,56.3,59.1,56.3,58.0
2008/04/09,57.3,58.7,56.6,57.5
2008/04/10,57.5,58.3,57.1,58.0
2008/04/11,58.6,60.0,58.0,58.1
2008/04/14,57.5,57.6,56.8,56.8
2008/04/15,56.5,58.5,56.3,57.1
2008/04/16,58.4,58.4,56.6,57.1
2008/04/17,57.5,57.5,56.5,56.5
2008/04/18,56.5,56.7,55.3,55.5
2008/04/21,56.3,57.1,55.5,56.2
2008/04/22,56.6,56.6,55.6,56.0
2008/04/23,55.7,55.9,54.9,55.3
2008/04/24,56.6,56.6,55.7,55.9
2008/04/25,55.9,58.7,55.6,58.7
2008/04/28,58.8,59.7,56.6,57.1
2008/04/29,57.1,57.1,56.1,56.1
2008/04/30,56.1,57.6,55.6,56.5
2008/05/02,52.6,52.6,52.6,52.6
2008/05/05,49.1,50.3,49.0,49.3
2008/05/06,50.3,50.7,48.9,49.8
2008/05/07,50.1,51.1,50.0,50.2
2008/05/08,49.6,49.6,49.6,49.6
2008/05/09,49.6,49.9,46.2,47.0
2008/05/12,45.6,45.6,45.6,45.6
2008/05/13,45.8,47.4,45.8,47.2
2008/05/14,48.4,48.4,47.4,48.0
2008/05/15,48.5,49.0,48.1,48.3
2008/05/16,48.3,48.4,47.9,48.1
2008/05/19,48.3,49.2,48.3,48.5
2008/05/20,48.6,48.8,47.4,47.4
2008/05/21,47.4,48.0,46.8,47.3
2008/05/22,47.2,47.4,46.1,46.4
2008/05/23,46.5,47.1,45.1,45.2
2008/05/26,44.8,45.4,42.4,42.8
2008/05/27,43.6,43.6,42.6,42.8
2008/05/28,43.6,43.6,42.5,42.8
2008/05/29,43.0,43.9,42.6,42.7
2008/05/30,43.0,43.2,41.6,42.1
2008/06/02,42.0,42.3,41.9,42.1
2008/06/03,42.0,42.7,42.0,42.5
2008/06/04,45.2,45.2,42.8,43.8
2008/06/05,43.9,43.9,42.8,43.7
2008/06/06,43.7,44.2,43.7,43.7
2008/06/09,42.9,42.9,42.3,42.8
2008/06/10,43.4,43.4,42.4,42.4
2008/06/11,42.4,42.5,40.4,40.5
2008/06/12,39.7,39.7,37.7,38.1
2008/06/13,38.1,39.0,38.1,38.8
2008/06/16,39.2,39.6,38.9,38.9
2008/06/17,38.9,39.0,38.5,39.0
2008/06/18,39.0,39.9,38.9,39.6
2008/06/19,38.9,38.9,37.7,38.6
2008/06/20,38.9,38.9,38.3,38.3
2008/06/23,38.0,38.0,37.2,37.2
2008/06/24,37.2,37.6,37.0,37.0
2008/06/25,37.0,37.0,35.8,36.5
2008/06/26,36.5,37.1,36.5,36.7
2008/06/27,35.7,35.7,34.3,34.5
2008/06/30,36.7,36.7,34.5,34.6
2008/07/01,34.6,34.6,33.3,33.3
2008/07/02,34.1,34.1,33.1,33.5
2008/07/03,33.5,34.8,32.1,34.6
2008/07/04,34.9,35.7,33.9,34.8
2008/07/07,34.1,34.1,33.9,34.1
2008/07/08,34.2,34.2,33.5,33.5
2008/07/09,34.8,34.8,33.1,33.4
2008/07/10,33.9,33.9,33.4,33.7
2008/07/11,33.7,34.5,33.7,33.9
2008/07/14,35.3,36.3,34.1,36.3
2008/07/15,37.5,38.1,36.3,36.7
2008/07/16,37.0,37.3,36.5,36.5
2008/07/17,37.3,37.7,36.9,37.7
2008/07/18,38.8,39.1,37.3,37.3
2008/07/21,37.3,37.9,37.3,37.5
2008/07/22,37.7,37.9,37.3,37.8
2008/07/23,38.9,40.2,38.1,39.9
2008/07/24,39.6,39.6,38.2,39.6
2008/07/25,39.0,41.6,39.0,41.0
2008/07/29,41.0,41.0,40.0,40.5
2008/07/30,41.3,41.9,39.0,39.1
2008/07/31,39.5,40.0,38.0,39.1
2008/08/01,38.9,38.9,37.7,38.7
2008/08/04,38.7,38.7,37.1,38.0
2008/08/05,38.0,38.0,36.1,36.7
2008/08/06,37.1,38.2,37.1,37.8
2008/08/07,37.4,40.1,37.4,38.5
2008/08/08,38.5,40.0,37.4,40.0
2008/08/11,41.4,42.4,40.7,41.1
2008/08/12,41.2,41.8,40.5,41.7
2008/08/13,42.0,42.9,41.9,42.2
2008/08/14,42.6,42.7,41.3,41.3
2008/08/15,41.3,41.4,40.7,40.7
2008/08/18,41.3,41.3,39.0,39.6
2008/08/19,39.6,40.0,37.6,38.8
2008/08/20,37.8,38.2,37.5,38.2
2008/08/21,37.7,38.4,37.2,37.5
2008/08/22,38.5,40.1,37.8,38.4
2008/08/25,38.8,39.1,37.9,37.9
2008/08/26,37.5,40.0,36.1,38.3
2008/08/27,38.1,38.9,37.8,38.4
2008/08/28,38.5,38.5,37.5,37.8
2008/08/29,38.4,38.5,37.6,38.0
2008/09/01,37.5,37.5,36.7,37.1
2008/09/02,37.1,38.8,36.7,37.4
2008/09/03,37.4,38.7,36.6,37.5
2008/09/04,38.3,38.3,36.2,37.1
2008/09/05,35.2,37.1,35.1,35.7
2008/09/08,36.1,37.4,36.1,36.9
2008/09/09,36.9,36.9,35.1,35.4
2008/09/10,33.2,36.0,33.2,35.4
2008/09/11,34.6,36.4,33.7,34.6
2008/09/15,31.8,32.7,31.7,32.7
2008/09/16,30.4,30.4,30.4,30.4
2008/09/17,30.4,31.2,28.3,28.3
2008/09/18,26.4,26.4,26.4,26.4
2008/09/19,26.3,27.5,26.3,27.2
2008/09/22,28.2,28.2,26.7,27.2
2008/09/23,26.4,29.0,26.2,28.6
2008/09/24,28.6,29.0,28.0,28.5
2008/09/25,28.5,28.5,27.3,27.3
2008/09/26,27.8,27.8,25.4,25.4
2008/09/30,23.6,23.6,23.6,23.6
2008/10/01,25.3,25.3,24.0,24.2
2008/10/02,24.4,24.6,23.9,23.9
2008/10/03,23.4,24.0,23.0,23.9
2008/10/06,23.4,24.0,23.4,23.6
2008/10/07,23.4,23.4,22.4,23.4
2008/10/08,22.7,23.1,21.8,23.1
2008/10/09,22.8,22.9,21.6,22.7
2008/10/13,22.6,24.0,21.9,23.4
2008/10/14,25.0,25.0,24.4,24.8
2008/10/15,24.8,25.0,24.1,24.5
2008/10/16,25.7,26.2,24.9,26.2
2008/10/17,28.0,28.0,27.5,28.0
2008/10/20,27.7,28.1,27.1,28.1
2008/10/21,28.5,29.8,27.6,29.2
2008/10/22,28.5,28.8,28.2,28.7
2008/10/23,27.7,28.7,27.7,28.6
2008/10/24,28.6,28.6,27.6,27.6
2008/10/27,25.7,26.5,25.7,25.7
2008/10/28,24.0,26.3,23.9,26.2
2008/10/29,27.8,27.8,25.7,25.7
2008/10/30,26.8,27.5,26.0,27.3
2008/10/31,27.0,28.9,26.5,28.7
2008/11/03,28.4,28.5,27.5,28.5
2008/11/04,28.5,28.5,27.3,28.0
2008/11/05,28.6,29.1,28.0,28.5
2008/11/06,27.9,28.1,26.8,27.5
2008/11/07,27.1,27.5,26.7,27.3
2008/11/10,27.8,28.3,27.0,27.7
2008/11/11,26.8,27.2,26.8,27.2
2008/11/12,27.3,27.7,26.7,27.3
2008/11/13,25.5,27.3,25.5,27.2
2008/11/14,27.2,28.1,26.3,26.3
2008/11/17,26.3,26.3,24.6,25.8
2008/11/18,24.6,24.6,24.0,24.0
2008/11/19,23.2,24.4,22.9,23.0
2008/11/20,22.0,22.6,21.4,22.2
2008/11/21,21.0,23.4,21.0,23.4
2008/11/24,24.9,25.0,24.4,25.0
2008/11/25,25.7,25.7,24.5,24.9
2008/11/26,24.4,24.9,24.2,24.3
2008/11/27,24.6,25.8,24.6,25.4
2008/11/28,26.1,26.1,24.7,24.7
2008/12/01,24.7,25.3,24.7,24.8
2008/12/02,23.1,23.6,23.1,23.1
2008/12/03,22.9,23.3,21.5,21.9
2008/12/04,22.2,22.2,21.6,21.6
2008/12/05,21.5,21.7,21.1,21.1
2008/12/08,21.2,22.4,21.1,22.2
2008/12/09,22.2,22.9,22.0,22.0
2008/12/10,22.7,23.2,22.4,23.1
2008/12/11,22.9,23.4,22.7,22.9
2008/12/12,22.4,23.0,21.9,22.0
2008/12/15,22.8,23.6,22.6,23.6
2008/12/16,23.4,23.4,22.9,23.1
2008/12/17,24.0,24.0,23.0,23.0
2008/12/18,22.7,22.7,22.4,22.5
2008/12/19,22.5,22.5,21.9,22.3
2008/12/22,22.4,22.4,21.9,21.9
2008/12/23,21.7,21.7,20.8,21.0
2008/12/24,21.0,21.4,21.0,21.2
2008/12/25,21.3,21.4,21.2,21.2
2008/12/26,21.4,22.7,21.4,22.7
2008/12/29,24.2,24.2,22.9,23.2
2008/12/30,23.0,23.2,22.7,23.1
2008/12/31,23.4,24.2,23.0,24.2
2009/01/05,24.8,24.8,23.7,23.9
2009/01/06,24.3,24.3,23.9,24.0
2009/01/07,24.4,25.6,24.4,25.6
2009/01/08,24.9,25.6,23.9,23.9
2009/01/09,24.0,24.6,23.9,24.1
2009/01/12,23.5,23.6,23.1,23.3
2009/01/13,23.2,23.7,22.9,23.7
2009/01/14,23.4,24.0,23.4,23.5
2009/01/15,22.7,23.3,22.7,23.3
2009/01/16,23.4,23.5,23.2,23.2
2009/01/19,23.6,23.7,23.3,23.4
2009/01/20,23.2,23.6,23.1,23.5
2009/01/21,23.2,23.6,22.5,23.3
2009/02/02,23.4,23.4,23.0,23.2
2009/02/03,22.9,23.8,22.9,23.5
2009/02/04,23.9,24.1,23.5,23.8
2009/02/05,23.7,23.7,23.2,23.3
2009/02/06,23.5,24.6,23.5,24.1
2009/02/09,24.4,25.8,24.2,25.8
2009/02/10,25.8,25.8,24.4,25.1
2009/02/11,24.5,25.8,24.5,25.4
2009/02/12,25.4,25.8,24.6,24.6
2009/02/13,24.6,25.5,24.6,25.4
2009/02/16,25.6,26.5,25.5,25.7
2009/02/17,25.7,26.2,24.7,25.2
2009/02/18,24.4,25.4,24.4,24.9
2009/02/19,24.8,25.3,24.7,25.1
2009/02/20,25.1,25.4,24.9,25.2
2009/02/23,24.9,25.7,24.8,25.4
2009/02/24,25.4,25.5,25.4,25.4
2009/02/25,25.6,26.3,25.6,25.8
2009/02/26,25.8,26.1,25.8,26.1
2009/02/27,26.1,27.9,26.1,27.6
2009/03/02,27.3,27.6,26.4,27.1
2009/03/03,26.5,27.0,25.9,26.7
2009/03/04,26.7,28.6,26.7,28.0
2009/03/05,28.2,29.7,28.2,29.3
2009/03/06,29.0,29.5,28.7,29.2
2009/03/09,29.7,29.7,28.8,29.3
2009/03/10,29.4,30.4,29.4,30.3
2009/03/11,30.7,31.3,30.1,31.1
2009/03/12,33.1,33.3,32.9,33.3
2009/03/13,34.9,35.3,33.6,34.2
2009/03/16,34.6,34.6,33.2,33.5
2009/03/17,33.6,34.5,33.2,34.3
2009/03/18,34.9,34.9,34.2,34.4
2009/03/19,34.6,34.7,34.0,34.4
2009/03/20,34.6,36.2,34.4,35.4
2009/03/23,36.3,37.5,35.4,36.6
2009/03/24,37.4,38.0,36.8,37.4
2009/03/25,37.7,38.3,37.4,37.9
2009/03/26,38.2,38.5,36.5,37.9
2009/03/27,38.3,39.5,37.5,37.5
2009/03/30,36.9,37.7,36.1,36.9
2009/03/31,36.9,39.2,36.9,37.9
2009/04/01,39.5,40.6,39.5,40.5
2009/04/02,41.4,41.7,39.8,39.9
2009/04/03,41.0,41.0,40.2,40.6
2009/04/06,41.5,43.2,41.3,42.9
2009/04/07,42.8,45.1,42.8,44.9
2009/04/08,44.9,45.7,44.0,45.3
2009/04/09,45.8,48.4,45.8,48.0
2009/04/10,49.2,51.3,48.8,50.7
2009/04/13,51.0,54.2,51.0,53.8
2009/04/14,54.6,56.1,54.0,54.6
2009/04/15,55.1,58.4,55.1,58.4
2009/04/16,59.3,60.6,56.6,56.7
2009/04/17,57.1,57.5,52.8,52.8
2009/04/20,52.6,53.6,49.7,52.8
2009/04/21,51.2,56.1,51.2,56.1
2009/04/22,56.5,56.5,54.4,55.7
2009/04/23,55.1,57.3,54.5,55.6
2009/04/24,59.3,59.4,59.3,59.4
2009/04/27,62.3,62.4,59.5,59.8
2009/04/28,61.2,61.4,57.4,58.0
2009/04/29,59.5,59.5,54.8,56.4
2009/04/30,59.0,60.3,58.5,60.0
2009/05/04,61.4,62.9,58.1,60.4
2009/05/05,59.6,61.0,58.9,59.8
2009/05/06,59.1,62.2,59.1,61.4
2009/05/07,62.0,63.2,60.6,62.8
2009/05/08,62.4,62.4,61.0,61.9
2009/05/11,62.5,66.2,62.5,65.8
2009/05/12,64.2,64.9,61.4,61.8
2009/05/13,62.0,64.3,62.0,63.7
2009/05/14,62.4,67.1,62.4,64.9
2009/05/15,65.6,67.5,65.2,66.2
2009/05/18,66.3,67.4,65.3,66.1
2009/05/19,67.3,67.6,63.4,64.5
2009/05/20,64.5,64.9,62.5,64.8
2009/05/21,64.2,64.2,61.9,62.8
2009/05/22,62.4,64.2,61.4,63.4
2009/05/25,63.4,63.4,61.4,61.9
2009/05/26,61.8,62.0,59.9,59.9
2009/05/27,60.5,62.9,60.5,62.4
2009/06/01,62.8,62.8,60.7,61.0
2009/06/02,61.4,61.8,61.0,61.0
2009/06/03,61.0,62.3,60.0,60.5
2009/06/04,60.5,61.2,60.0,61.0
2009/06/05,61.1,63.0,61.1,61.9
2009/06/08,63.1,63.7,60.5,60.5
2009/06/09,60.3,60.3,56.3,56.3
2009/06/10,55.4,56.5,53.9,54.6
2009/06/11,54.6,58.4,54.6,58.4
2009/06/12,60.8,61.0,59.5,60.0
2009/06/15,59.0,59.1,57.1,57.5
2009/06/16,58.0,58.0,55.6,57.1
2009/06/17,57.1,59.5,57.1,57.2
2009/06/18,58.9,58.9,57.1,58.3
2009/06/19,58.5,62.3,58.3,61.8
2009/06/22,61.6,62.7,61.0,61.7
2009/06/23,60.9,63.2,60.6,62.8
2009/06/24,62.9,63.2,61.1,61.9
2009/06/25,59.1,61.2,56.2,60.2
2009/06/26,61.1,61.1,59.5,60.2
2009/06/29,60.6,60.6,59.3,59.3
2009/06/30,59.6,60.3,58.4,58.4
2009/07/01,59.0,59.7,58.7,59.5
2009/07/02,59.5,60.5,59.2,59.3
2009/07/03,59.6,60.5,59.5,60.2
2009/07/06,60.3,61.5,60.2,60.5
2009/07/07,61.3,63.4,61.2,62.6
2009/07/08,62.8,63.6,61.9,63.1
2009/07/09,63.1,64.5,63.1,63.9
2009/07/10,65.6,66.7,64.5,64.7
2009/07/13,65.2,65.8,62.3,62.6
2009/07/14,64.1,66.9,63.5,66.9
2009/07/15,69.4,71.5,69.4,71.5
2009/07/16,76.5,76.5,74.3,75.8
2009/07/17,77.1,77.9,75.5,77.6
2009/07/20,78.8,80.1,76.4,78.5
2009/07/21,78.8,79.3,77.3,79.3
2009/07/22,79.3,84.9,79.3,84.9
2009/07/23,85.4,85.7,82.4,84.7
2009/07/24,85.4,90.6,85.4,89.0
2009/07/27,88.7,89.8,86.0,87.2
2009/07/28,84.7,88.2,84.7,87.2
2009/07/29,88.2,91.5,87.6,89.7
2009/07/30,89.7,89.7,86.0,88.6
2009/07/31,88.9,92.3,87.9,88.9
2009/08/03,88.9,90.1,86.6,87.9
2009/08/04,89.5,89.5,83.8,85.5
2009/08/05,86.2,87.3,84.4,85.7
2009/08/06,87.1,87.1,80.9,84.3
2009/08/10,84.9,89.5,83.3,88.7
2009/08/11,87.7,89.4,86.2,89.4
2009/08/12,89.3,94.8,88.9,91.9
2009/08/13,92.9,94.8,91.9,92.1
2009/08/14,93.7,95.5,90.9,91.1
2009/08/17,90.9,96.4,90.8,96.1
2009/08/18,95.3,95.9,89.4,90.9
2009/08/19,90.9,92.6,88.3,90.8
2009/08/20,90.6,90.6,87.2,88.7
2009/08/21,90.4,91.8,88.3,88.7
2009/08/24,92.0,94.9,91.0,94.9
2009/08/25,96.5,100.8,96.5,99.2
2009/08/26,100.7,102.0,96.0,100.6
2009/08/27,107.3,107.3,98.1,99.2
2009/08/28,99.7,104.4,98.4,102.8
2009/08/31,103.1,105.4,102.5,103.3
2009/09/01,103.4,108.0,101.9,106.8
2009/09/02,104.6,105.0,101.4,103.1
2009/09/03,103.1,106.6,102.3,104.6
2009/09/04,106.9,111.9,106.9,111.9
2009/09/07,112.4,113.5,109.6,112.4
2009/09/08,111.3,113.0,108.0,109.1
2009/09/09,108.5,111.9,106.0,107.0
2009/09/10,107.7,108.4,100.9,102.9
2009/09/11,102.9,105.4,102.5,105.1
2009/09/14,105.8,106.1,103.6,104.0
2009/09/15,104.7,111.3,104.2,109.9
2009/09/16,111.9,111.9,108.7,109.4
2009/09/17,110.1,110.8,106.0,106.0
2009/09/18,104.8,107.9,104.8,106.5
2009/09/21,106.9,107.2,104.1,107.2
2009/09/22,107.2,108.0,105.8,105.9
2009/09/23,105.9,106.3,98.5,100.7
2009/09/24,100.5,102.9,100.0,101.7
2009/09/25,101.7,102.3,100.6,100.8
2009/09/28,97.0,100.8,97.0,97.5
2009/09/29,99.3,99.3,97.1,97.9
2009/09/30,99.2,101.4,98.4,101.4
2009/10/01,101.3,102.4,99.5,100.3
2009/10/02,98.6,100.4,97.9,99.7
2009/10/05,100.2,102.5,99.7,101.5
2009/10/06,101.7,105.6,101.4,104.2
2009/10/07,105.6,105.6,102.6,103.0
2009/10/08,103.3,104.5,99.4,99.4
2009/10/09,101.3,101.4,97.1,99.0
2009/10/12,99.7,102.8,99.2,102.4
2009/10/13,99.3,101.9,99.3,101.2
2009/10/14,101.9,101.9,100.4,101.4
2009/10/15,102.8,102.8,100.1,100.3
2009/10/16,101.2,101.2,98.6,99.2
2009/10/19,99.2,100.4,98.7,99.5
2009/10/20,99.2,102.8,99.0,102.7
2009/10/21,102.7,104.2,102.0,102.5
2009/10/22,102.5,102.5,98.2,99.0
2009/10/23,101.4,101.6,99.2,100.8
2009/10/26,101.1,101.4,99.0,99.2
2009/10/27,98.1,99.5,98.1,99.2
2009/10/28,99.2,100.0,97.5,98.0
2009/10/29,95.9,97.2,94.2,97.0
2009/10/30,97.7,98.6,96.4,96.4
2009/11/02,94.8,97.2,94.8,97.2
2009/11/03,97.5,98.9,97.5,98.1
2009/11/04,99.2,99.6,98.3,99.4
2009/11/05,99.7,99.7,97.5,97.5
2009/11/06,99.0,99.0,96.2,97.0
2009/11/09,98.6,98.6,95.9,96.9
2009/11/10,94.2,95.1,90.6,91.2
2009/11/11,91.2,93.5,90.7,92.7
2009/11/12,92.0,92.5,91.4,91.9
2009/11/13,91.6,92.6,90.4,91.6
2009/11/16,92.2,93.0,91.8,92.1
2009/11/17,93.2,93.2,91.1,91.2
2009/11/18,91.9,93.6,91.6,92.5
2009/11/19,92.9,95.3,92.7,95.3
2009/11/20,95.8,97.2,95.7,95.9
2009/11/23,96.3,96.9,94.1,94.2
2009/11/24,95.2,95.2,92.8,92.9
2009/11/25,92.5,93.2,91.1,92.0
2009/11/26,92.0,93.6,92.0,92.9
2009/11/27,92.1,92.8,91.5,92.0
2009/11/30,92.2,94.0,92.2,93.5
2009/12/01,93.9,94.2,92.2,92.5
2009/12/02,92.7,94.1,92.7,92.9
2009/12/03,93.6,98.1,93.1,96.8
2009/12/04,97.5,99.0,95.1,95.1
2009/12/07,95.4,100.3,95.4,98.6
2009/12/08,99.2,99.2,97.2,97.5
2009/12/09,97.5,99.2,95.9,98.7
2009/12/10,98.6,99.7,95.3,95.8
2009/12/11,95.9,97.2,95.9,96.0
2009/12/14,96.1,100.2,96.0,99.1
2009/12/15,99.7,99.7,97.6,99.3
2009/12/16,99.6,104.1,98.2,101.5
2009/12/17,102.5,102.7,98.7,98.9
2009/12/18,98.1,102.2,98.1,101.9
2009/12/21,103.5,105.8,101.9,101.9
2009/12/22,103.5,103.5,101.4,101.4
2009/12/23,102.5,103.3,100.8,101.6
2009/12/24,101.4,102.6,100.7,100.9
2009/12/25,101.4,103.1,100.9,101.4
2009/12/28,101.6,102.5,99.7,100.6
2009/12/29,100.6,102.5,100.6,102.0
2009/12/30,102.5,102.8,101.2,101.7
2009/12/31,101.8,104.1,101.8,103.1
2010/01/04,103.1,103.4,100.9,101.4
2010/01/05,101.6,102.4,99.8,100.1
2010/01/06,99.7,100.7,99.7,100.1
2010/01/07,100.3,100.5,97.9,98.1
2010/01/08,98.3,98.7,97.3,98.1
2010/01/11,98.1,99.2,97.5,97.7
2010/01/12,97.5,98.6,97.4,98.3
2010/01/13,97.7,100.0,97.7,98.7
2010/01/14,99.2,99.7,98.7,99.2
2010/01/15,99.3,100.2,98.6,98.6
2010/01/18,98.2,102.7,98.2,101.3
2010/01/19,102.5,102.5,99.7,99.8
2010/01/20,101.2,101.2,98.6,98.6
2010/01/21,98.1,99.1,98.1,98.3
2010/01/22,97.2,97.5,96.2,96.6
2010/01/25,91.5,96.4,91.5,94.8
2010/01/26,95.9,96.3,88.2,90.3
2010/01/27,90.3,91.5,88.1,88.4
2010/01/28,88.7,91.5,88.7,91.5
2010/01/29,90.4,90.8,88.7,90.3
2010/02/01,90.3,91.4,89.6,90.4
2010/02/02,91.5,91.5,88.8,89.8
2010/02/03,90.5,90.7,88.5,89.8
2010/02/04,89.8,91.2,89.8,90.3
2010/02/05,88.1,88.2,84.3,85.5
2010/02/08,83.8,85.3,83.3,85.1
2010/02/09,85.1,90.3,85.1,88.7
2010/02/10,90.1,91.5,89.4,89.8
2010/02/22,91.9,96.1,91.5,95.7
2010/02/23,95.2,96.1,94.1,95.7
2010/02/24,94.8,97.4,94.6,95.7
2010/02/25,96.2,100.5,96.2,97.0
2010/02/26,97.7,98.5,95.7,96.0
2010/03/01,96.0,97.0,94.9,95.7
2010/03/02,95.9,96.9,95.9,96.0
2010/03/03,97.6,97.6,95.1,95.2
2010/03/04,95.9,95.9,94.8,94.8
2010/03/05,95.1,96.8,94.6,96.8
2010/03/08,97.5,100.1,97.1,98.6
2010/03/09,100.3,101.4,99.4,100.3
2010/03/10,101.6,102.5,100.6,101.9
2010/03/11,103.0,103.0,100.8,100.8
2010/03/12,101.3,102.5,100.9,100.9
2010/03/15,102.5,103.0,100.6,102.5
2010/03/16,101.4,102.6,101.2,102.4
2010/03/17,102.5,105.2,102.5,104.0
2010/03/18,104.7,105.8,104.1,105.2
2010/03/19,105.0,105.2,104.2,105.2
2010/03/22,104.7,105.2,103.7,105.0
2010/03/23,105.0,108.4,105.0,106.1
2010/03/24,107.9,107.9,106.3,107.0
2010/03/25,107.0,107.4,105.9,107.0
2010/03/26,107.4,110.8,106.9,109.1
2010/03/29,110.2,112.4,109.6,112.4
2010/03/30,113.5,120.1,113.5,120.1
2010/03/31,120.1,121.2,117.9,117.9
2010/04/01,117.4,119.0,116.3,116.8
2010/04/02,118.5,124.5,118.5,122.9
2010/04/06,124.5,125.1,122.3,122.9
2010/04/07,123.4,124.5,120.1,120.7
2010/04/08,119.0,125.6,119.0,120.7
2010/04/09,121.2,122.3,118.5,119.6
2010/04/12,121.2,126.7,121.2,122.3
2010/04/13,122.3,124.5,119.6,120.1
2010/04/14,121.2,122.9,117.9,122.3
2010/04/15,124.0,124.0,120.7,121.8
2010/04/16,122.3,122.3,119.0,119.6
2010/04/19,118.5,119.6,111.3,111.3
2010/04/20,112.4,113.0,107.0,112.4
2010/04/21,112.4,115.7,112.4,113.0
2010/04/22,113.0,114.6,110.8,113.0
2010/04/23,114.6,120.7,113.5,120.7
2010/04/26,125.6,128.9,124.5,127.8
2010/04/27,128.4,130.0,126.7,128.9
2010/04/28,125.6,136.1,124.5,135.0
2010/04/29,133.9,138.9,133.3,134.4
2010/04/30,137.2,137.2,128.9,128.9
2010/05/03,129.5,132.2,126.7,128.9
2010/05/04,130.0,130.6,125.6,125.6
2010/05/05,121.2,123.4,117.9,121.2
2010/05/06,121.2,124.0,120.1,122.3
2010/05/07,117.9,126.7,117.9,126.7
2010/05/10,127.8,128.4,125.1,127.8
2010/05/11,127.8,128.9,124.0,124.5
2010/05/12,124.5,126.2,122.9,122.9
2010/05/13,125.6,126.7,124.0,124.5
2010/05/14,124.5,128.9,124.0,128.4
2010/05/17,126.2,127.3,123.4,123.4
2010/05/18,124.0,125.6,119.6,121.2
2010/05/19,120.1,120.7,115.7,120.1
2010/05/20,119.0,120.7,116.3,116.3
2010/05/21,113.0,113.0,109.1,110.2
2010/05/24,111.3,115.7,111.3,115.7
2010/05/25,112.4,113.5,109.1,110.2
2010/05/26,112.4,113.5,110.2,113.0
2010/05/27,111.9,118.5,110.2,117.4
2010/05/28,120.1,121.2,115.7,115.7
2010/05/31,115.7,119.6,115.2,116.8
2010/06/01,117.4,119.6,116.8,117.4
2010/06/02,116.3,117.4,113.5,113.5
2010/06/03,116.8,117.4,115.2,116.8
2010/06/04,117.4,117.4,113.5,113.5
2010/06/07,110.2,111.9,109.6,111.3
2010/06/08,110.2,113.0,110.2,112.4
2010/06/09,112.4,114.6,110.2,110.8
2010/06/10,110.2,110.2,103.0,105.0
2010/06/11,106.3,107.8,103.6,106.9
2010/06/14,107.7,114.1,106.9,114.1
2010/06/15,113.5,115.2,112.4,112.4
2010/06/17,114.6,114.6,112.4,113.0
2010/06/18,113.0,113.5,111.9,113.5
2010/06/21,115.2,117.9,113.5,116.8
2010/06/22,116.8,119.0,115.7,117.4
2010/06/23,116.8,118.5,116.3,117.9
2010/06/24,117.9,118.5,116.8,117.4
2010/06/25,116.8,116.8,113.5,114.6
2010/06/28,115.7,116.3,114.1,115.7
2010/06/29,116.3,116.8,113.0,114.6
2010/06/30,111.3,113.0,110.8,113.0
2010/07/01,114.1,114.1,111.9,113.0
2010/07/02,113.5,117.9,113.5,116.3
2010/07/05,116.8,119.6,116.8,119.0
2010/07/06,120.1,123.4,119.0,123.4
2010/07/07,123.4,124.5,120.7,120.7
2010/07/08,113.9,115.2,112.5,112.7
2010/07/09,113.5,114.5,112.8,113.0
2010/07/12,112.7,112.7,109.2,109.3
2010/07/13,109.3,111.4,109.3,109.8
2010/07/14,111.4,111.4,109.9,110.1
2010/07/15,110.3,112.0,109.9,110.9
2010/07/16,112.0,112.0,109.6,109.6
2010/07/19,109.1,109.1,107.6,108.1
2010/07/20,109.1,109.1,108.1,108.8
2010/07/21,109.1,109.9,108.1,108.2
2010/07/22,107.9,109.9,107.9,109.1
2010/07/23,110.3,110.7,109.2,109.3
2010/07/26,109.7,110.2,108.4,108.4
2010/07/27,108.4,108.4,107.3,107.3
2010/07/28,107.3,108.0,107.3,107.4
2010/07/29,107.4,107.4,105.5,105.6
2010/07/30,105.5,105.5,104.2,104.5
2010/08/02,104.5,107.9,104.4,106.9
2010/08/03,107.9,111.5,107.8,109.5
2010/08/04,109.3,109.3,107.9,108.0
2010/08/05,108.4,109.1,106.3,106.3
2010/08/06,107.4,107.4,104.6,104.8
2010/08/09,104.6,105.9,104.6,105.7
2010/08/10,105.7,106.1,104.6,104.6
2010/08/11,104.2,105.5,103.3,103.4
2010/08/12,103.0,103.0,100.6,100.6
2010/08/13,100.6,102.4,100.6,101.9
2010/08/16,101.9,102.3,101.2,101.8
2010/08/17,101.3,102.4,101.2,101.2
2010/08/18,101.5,101.8,100.6,100.6
2010/08/19,101.2,103.8,100.6,102.7
2010/08/20,102.7,102.8,101.0,101.0
2010/08/23,101.2,101.8,100.6,100.8
2010/08/24,100.8,101.7,100.8,101.0
2010/08/25,101.2,101.3,99.4,99.4
2010/08/26,99.4,99.9,95.8,95.8
2010/08/27,95.8,95.8,93.1,93.9
2010/08/30,94.5,95.2,93.6,93.6
2010/08/31,92.1,92.1,87.3,87.4
2010/09/01,87.4,90.4,87.3,89.1
2010/09/02,90.3,91.4,89.1,89.1
2010/09/03,89.5,93.3,89.3,92.8
2010/09/06,92.8,93.1,91.4,92.0
2010/09/07,92.0,92.0,90.3,90.3
2010/09/08,89.9,92.0,89.9,90.3
2010/09/09,90.4,91.5,90.4,90.7
2010/09/10,90.3,91.4,88.5,89.3
2010/09/13,89.5,89.7,88.1,88.5
2010/09/14,88.5,89.3,88.5,89.2
2010/09/15,89.2,90.7,89.2,89.8
2010/09/16,90.8,90.8,89.5,89.7
2010/09/17,90.1,90.1,89.5,89.8
2010/09/20,90.3,90.5,89.5,89.5
2010/09/21,89.6,91.5,89.6,90.9
2010/09/23,90.9,90.9,89.9,90.1
2010/09/24,90.3,90.3,89.2,89.6
2010/09/27,90.2,90.3,89.6,89.6
2010/09/28,89.1,89.6,88.8,89.2
2010/09/29,89.2,91.0,89.2,90.9
2010/09/30,91.2,97.2,91.2,97.2
2010/10/01,97.2,97.8,94.7,95.6
2010/10/04,95.6,95.8,92.8,93.3
2010/10/05,93.1,93.2,91.3,92.1
2010/10/06,93.3,94.2,92.4,92.7
2010/10/07,93.1,95.8,92.7,93.9
2010/10/08,93.2,93.9,92.7,93.1
2010/10/11,93.3,94.2,92.1,92.1
2010/10/12,91.9,92.2,90.4,90.4
2010/10/13,90.3,91.9,90.3,90.5
2010/10/14,90.3,91.3,90.2,90.2
2010/10/15,90.9,91.2,89.1,89.3
2010/10/18,89.9,89.9,87.3,87.5
2010/10/19,87.5,88.5,87.4,88.0
2010/10/20,87.8,89.3,87.2,89.3
2010/10/21,89.6,89.6,88.2,88.5
2010/10/22,88.6,89.6,88.6,89.0
2010/10/25,89.6,91.2,89.6,90.3
2010/10/26,90.9,91.0,89.5,89.5
2010/10/27,90.9,94.8,89.7,93.0
2010/10/28,94.5,97.8,94.4,97.6
2010/10/29,98.4,99.8,96.0,96.2
2010/11/01,96.6,97.0,93.9,93.9
2010/11/02,93.9,95.3,92.1,92.5
2010/11/03,92.7,93.1,88.5,88.6
2010/11/04,88.7,89.7,88.2,89.5
2010/11/05,89.7,90.7,89.6,89.8
2010/11/08,89.1,89.1,85.2,85.2
2010/11/09,85.2,87.3,83.5,87.3
2010/11/10,87.2,87.2,85.5,85.8
2010/11/11,84.8,86.8,84.8,86.4
2010/11/12,85.5,86.4,85.5,85.5
2010/11/15,85.5,85.5,84.8,84.8
2010/11/16,84.8,85.7,84.8,85.1
2010/11/17,84.8,85.1,84.7,84.8
2010/11/18,84.8,86.5,84.8,85.1
2010/11/19,85.3,86.3,85.1,85.1
2010/11/22,85.6,85.6,85.1,85.1
2010/11/23,85.5,85.8,85.1,85.1
2010/11/24,84.6,85.0,84.4,84.5
2010/11/25,84.7,86.3,84.7,85.7
2010/11/26,85.8,87.2,85.8,86.2
2010/11/29,86.7,88.6,86.7,87.9
2010/11/30,87.9,88.2,87.2,87.3
2010/12/01,87.3,90.3,87.3,88.5
2010/12/02,88.8,89.2,87.3,87.5
2010/12/03,87.6,88.5,86.7,86.9
2010/12/06,86.2,87.4,86.1,86.3
2010/12/07,86.3,86.7,85.9,86.3
2010/12/08,86.3,89.1,86.3,88.0
2010/12/09,90.4,94.1,90.4,94.1
2010/12/10,95.3,97.0,93.5,93.8
2010/12/13,93.8,94.5,93.1,93.1
2010/12/14,93.3,95.8,92.7,93.9
2010/12/15,93.9,93.9,90.7,90.9
2010/12/16,90.9,92.0,90.9,91.5
2010/12/17,91.5,93.0,89.7,89.7
2010/12/20,90.9,90.9,88.6,88.8
2010/12/21,88.8,90.2,88.8,88.8
2010/12/22,89.6,92.1,89.6,90.3
2010/12/23,90.9,91.4,89.6,90.3
2010/12/24,90.9,90.9,89.1,89.1
2010/12/27,90.3,90.3,88.5,88.5
2010/12/28,88.2,88.6,87.5,87.5
2010/12/29,87.5,87.9,85.9,86.1
2010/12/30,86.1,87.3,86.1,86.4
2010/12/31,86.7,87.3,86.3,86.4
2011/01/03,86.7,86.7,85.7,86.1
2011/01/04,86.1,86.9,86.1,86.2
2011/01/05,87.2,87.2,85.6,85.7
2011/01/06,86.2,86.5,85.6,86.4
2011/01/07,86.4,87.4,86.1,86.3
2011/01/10,86.7,87.2,85.9,86.7
2011/01/11,87.8,88.0,86.7,86.8
2011/01/12,88.0,88.0,86.8,87.0
2011/01/13,87.5,87.8,86.7,86.8
2011/01/14,86.8,87.3,86.3,86.3
2011/01/17,86.4,87.2,85.7,85.8
2011/01/18,85.8,87.3,85.7,86.3
2011/01/19,86.3,87.2,86.3,86.8
2011/01/20,86.4,89.9,86.3,89.2
2011/01/21,90.3,91.8,89.5,89.6
2011/01/24,90.3,90.4,87.9,87.9
2011/01/25,88.1,89.0,88.0,88.0
2011/01/26,88.0,89.2,88.0,88.1
2011/01/27,88.5,89.1,88.2,88.6
2011/01/28,88.7,89.0,88.0,88.0
2011/02/08,88.2,88.2,86.1,86.3
2011/02/09,86.3,86.5,85.3,85.5
2011/02/10,85.0,85.5,84.8,85.1
2011/02/11,85.1,85.1,81.8,82.2
2011/02/14,82.2,84.2,82.2,83.5
2011/02/15,83.6,83.6,82.4,83.5
2011/02/16,84.7,87.5,84.7,86.4
2011/02/17,87.2,87.2,85.0,85.5
2011/02/18,85.6,86.1,84.7,85.2
2011/02/21,85.5,85.5,83.6,83.9
2011/02/22,83.6,83.6,81.8,82.4
2011/02/23,81.2,82.4,81.2,81.2
2011/02/24,81.2,84.6,80.2,81.5
2011/02/25,82.2,83.2,81.2,82.4
2011/03/01,84.0,84.0,82.5,83.6
2011/03/02,83.0,83.9,82.8,82.8
2011/03/03,83.8,84.2,83.0,83.8
2011/03/04,85.2,85.2,82.8,83.0
2011/03/07,83.0,83.0,82.3,82.3
2011/03/08,82.3,82.9,82.1,82.2
2011/03/09,82.2,83.5,82.2,82.9
2011/03/10,84.1,86.9,83.6,85.9
2011/03/11,85.5,85.8,83.0,85.6
2011/03/14,83.8,85.7,82.5,82.7
2011/03/15,82.8,83.0,77.0,78.8
2011/03/16,78.8,80.7,77.8,78.3
2011/03/17,77.6,77.6,74.5,75.2
2011/03/18,76.4,77.0,75.5,76.1
2011/03/21,76.8,77.6,76.4,77.6
2011/03/22,80.0,82.9,80.0,82.9
2011/03/23,82.9,84.7,82.4,83.8
2011/03/24,83.6,84.2,83.2,83.8
2011/03/25,84.2,84.6,82.8,82.9
2011/03/28,82.9,83.5,82.2,82.4
2011/03/29,82.2,82.2,81.2,81.8
2011/03/30,82.8,82.8,81.8,82.3
2011/03/31,82.3,82.8,81.8,82.2
2011/04/01,82.4,82.4,81.1,81.9
2011/04/06,81.8,82.3,81.6,81.9
2011/04/07,82.1,82.8,82.1,82.8
2011/04/08,83.0,83.0,82.2,82.2
2011/04/11,82.2,82.2,81.0,81.0
2011/04/12,81.0,81.0,79.2,79.4
2011/04/13,79.4,80.4,79.4,80.0
2011/04/14,80.0,80.8,80.0,80.6
2011/04/15,81.2,81.2,80.0,80.0
2011/04/18,80.6,80.6,79.0,79.0
2011/04/19,78.5,78.7,77.6,78.2
2011/04/20,78.2,80.2,78.2,78.8
2011/04/21,79.2,80.0,79.2,79.4
2011/04/22,80.0,80.6,79.6,80.5
2011/04/25,80.0,80.5,79.5,79.6
2011/04/26,79.6,80.5,79.5,80.1
2011/04/27,80.7,81.9,80.7,81.2
2011/04/28,81.3,82.1,80.6,80.6
2011/04/29,80.6,82.7,80.5,80.8
2011/05/03,80.8,81.2,79.2,79.2
2011/05/04,79.2,80.0,78.2,79.4
2011/05/05,79.4,81.9,79.4,81.2
2011/05/06,81.1,81.9,80.1,80.6
2011/05/09,80.6,82.5,80.6,82.4
2011/05/10,82.7,82.7,81.3,82.4
2011/05/11,82.9,84.1,81.8,81.8
2011/05/12,83.6,83.6,81.7,82.1
2011/05/13,82.4,82.9,81.9,82.4
2011/05/16,82.4,83.4,82.4,82.4
2011/05/17,82.4,82.7,81.6,82.1
2011/05/18,81.7,82.2,81.3,81.6
2011/05/19,81.3,82.3,81.1,81.2
2011/05/20,81.2,81.3,79.6,79.8
2011/05/23,78.8,80.4,78.2,80.1
2011/05/24,80.1,80.1,78.8,79.4
2011/05/25,79.4,79.5,78.2,78.8
2011/05/26,78.8,79.8,78.8,79.0
2011/05/27,79.4,80.0,79.4,79.6
2011/05/30,81.2,81.2,79.8,80.0
2011/05/31,80.1,80.8,80.1,80.4
2011/06/01,81.1,81.1,80.4,80.4
2011/06/02,80.0,80.1,78.8,79.4
2011/06/03,79.5,79.8,78.8,79.3
2011/06/07,80.6,80.6,79.0,80.4
2011/06/08,80.8,80.8,79.6,79.8
2011/06/09,80.0,80.2,79.2,80.0
2011/06/10,80.0,82.4,79.0,82.3
2011/06/13,82.3,82.3,79.0,81.7
2011/06/14,81.6,83.0,80.2,80.4
2011/06/15,80.4,80.4,79.0,79.3
2011/06/16,79.0,79.0,77.0,77.0
2011/06/17,77.0,78.5,76.4,76.4
2011/06/20,76.6,77.0,72.8,73.0
2011/06/21,73.1,73.2,70.3,71.3
2011/06/22,71.5,72.7,71.3,71.5
2011/06/23,71.5,72.2,70.3,70.3
2011/06/24,70.3,70.3,69.1,69.5
2011/06/27,69.5,70.5,68.8,70.3
2011/06/28,71.3,71.3,70.4,70.7
2011/06/29,70.9,73.0,70.9,72.4
2011/06/30,72.4,72.4,71.8,72.2
2011/07/01,72.7,73.8,72.4,73.0
2011/07/04,73.3,74.1,73.1,73.7
2011/07/05,73.3,73.9,73.0,73.1
2011/07/06,73.1,73.7,73.1,73.1
2011/07/07,73.3,73.7,73.2,73.2
2011/07/08,73.3,73.9,72.5,72.5
2011/07/11,72.5,72.5,71.4,72.1
2011/07/12,72.1,72.1,70.3,70.7
2011/07/13,70.7,71.8,70.7,70.8
2011/07/14,70.8,71.5,69.7,70.9
2011/07/15,70.9,75.8,70.9,75.0
2011/07/18,75.0,75.5,74.3,74.9
2011/07/19,74.9,74.9,72.7,73.6
2011/07/20,73.6,74.7,73.6,74.2
2011/07/21,74.5,74.5,73.9,74.3
2011/07/22,74.7,75.4,74.7,74.8
2011/07/25,75.2,75.2,72.7,72.7
2011/07/26,72.7,73.6,72.6,73.6
2011/07/27,73.7,74.3,73.6,74.2
2011/07/28,73.9,73.9,72.8,73.7
2011/07/29,74.2,74.2,73.5,73.7
2011/08/01,74.2,75.2,72.7,72.7
2011/08/02,64.3,66.1,64.0,64.7
2011/08/03,64.0,64.0,60.2,60.7
2011/08/04,58.0,60.7,57.5,57.6
2011/08/05,53.6,53.7,53.6,53.6
2011/08/08,50.0,51.9,49.9,49.9
2011/08/09,46.4,49.1,46.4,47.1
2011/08/10,49.1,50.3,48.7,50.3
2011/08/11,49.1,53.7,47.4,53.7
2011/08/12,55.3,55.9,53.7,54.0
2011/08/15,57.5,57.7,56.9,57.7
2011/08/16,59.7,61.3,58.4,58.7
2011/08/17,59.3,59.7,57.3,58.5
2011/08/18,57.3,58.0,56.5,56.5
2011/08/19,53.3,54.5,52.6,53.9
2011/08/22,50.7,53.3,50.4,51.9
2011/08/23,53.2,54.7,52.7,54.7
2011/08/24,55.9,55.9,52.7,52.7
2011/08/25,52.8,53.5,49.3,50.2
2011/08/26,50.2,51.6,50.2,51.5
2011/08/29,51.5,53.3,51.5,53.3
2011/08/30,53.3,54.7,52.7,53.7
2011/08/31,54.0,57.1,53.3,56.3
2011/09/01,56.7,58.5,56.1,56.4
2011/09/02,56.5,57.0,54.5,54.9
2011/09/05,53.9,54.1,52.7,53.2
2011/09/06,53.1,53.1,51.3,51.6
2011/09/07,52.0,53.3,51.9,52.5
2011/09/08,53.3,53.6,52.7,52.8
2011/09/09,52.7,53.7,51.3,52.8
2011/09/13,52.0,52.8,51.5,51.5
2011/09/14,51.5,53.3,51.5,51.7
2011/09/15,54.0,54.0,52.6,52.9
2011/09/16,53.3,55.3,53.3,54.7
2011/09/19,54.7,55.2,54.0,54.0
2011/09/20,53.6,55.0,53.6,54.7
2011/09/21,54.7,56.0,53.8,55.0
2011/09/22,54.4,54.7,53.5,53.7
2011/09/23,52.6,52.7,50.9,51.5
2011/09/26,51.2,52.0,49.3,49.5
2011/09/27,50.1,51.6,50.1,51.1
2011/09/28,51.7,51.7,50.7,50.7
2011/09/29,49.8,50.9,49.8,50.7
2011/09/30,51.3,51.3,50.7,51.3
2011/10/03,50.1,50.9,50.0,50.1
2011/10/04,48.1,50.1,48.1,50.1
2011/10/05,50.7,50.7,49.5,49.8
2011/10/06,50.5,53.1,50.0,51.2
2011/10/07,51.5,52.3,50.7,51.0
2011/10/11,52.3,52.7,51.7,52.0
2011/10/12,52.3,53.9,52.0,53.2
2011/10/13,53.2,54.1,52.8,53.1
2011/10/14,52.8,53.1,52.1,52.3
2011/10/17,53.1,53.1,52.4,52.8
2011/10/18,52.3,53.3,51.3,53.3
2011/10/19,53.3,53.3,52.3,52.7
2011/10/20,52.2,52.4,51.9,52.0
2011/10/21,52.8,52.8,52.1,52.1
2011/10/24,52.7,53.7,52.3,53.0
2011/10/25,53.1,54.4,53.1,54.0
2011/10/26,53.3,55.2,53.3,54.5
2011/10/27,54.5,55.0,54.0,54.3
2011/10/28,55.1,55.9,53.9,53.9
2011/10/31,53.2,53.2,51.1,51.6
2011/11/01,51.2,51.3,50.4,50.9
2011/11/02,50.3,51.3,50.1,51.1
2011/11/03,51.3,51.4,50.4,50.4
2011/11/04,50.8,51.3,50.8,51.0
2011/11/07,51.0,51.5,50.8,51.3
2011/11/08,51.3,51.7,51.3,51.4
2011/11/09,51.5,52.5,51.5,51.5
2011/11/10,50.9,50.9,49.3,49.5
2011/11/11,49.7,50.1,49.3,49.9
2011/11/14,50.4,50.6,49.9,50.1
2011/11/15,50.0,50.8,49.5,49.7
2011/11/16,49.7,49.7,48.7,48.7
2011/11/17,48.7,48.7,46.8,47.5
2011/11/18,47.5,47.5,46.7,47.0
2011/11/21,46.7,46.8,44.9,44.9
2011/11/22,44.8,44.8,42.7,43.8
2011/11/23,43.3,43.3,40.8,40.8
2011/11/24,38.8,40.8,38.8,39.8
2011/11/25,40.0,40.5,39.6,40.1
2011/11/28,40.7,42.0,40.4,41.5
2011/11/29,42.1,42.1,41.5,41.5
2011/11/30,41.3,41.5,40.2,40.2
2011/12/01,41.6,41.8,41.0,41.5
2011/12/02,41.5,41.5,40.8,40.9
2011/12/05,41.4,41.4,40.1,40.7
2011/12/06,40.7,40.7,38.8,39.3
2011/12/07,40.1,40.2,39.3,39.3
2011/12/08,39.3,39.9,38.0,38.7
2011/12/09,37.4,37.9,37.2,37.2
2011/12/12,38.0,38.5,37.5,37.7
2011/12/13,37.9,37.9,37.2,37.3
2011/12/14,37.3,38.6,37.3,38.5
2011/12/15,38.3,38.5,37.6,37.6
2011/12/16,37.7,38.0,37.3,37.4
2011/12/19,37.3,37.3,36.1,36.2
2011/12/20,36.2,37.7,34.8,36.4
2011/12/21,38.8,38.9,37.5,38.7
2011/12/22,38.7,38.7,38.1,38.1
2011/12/23,39.1,40.1,38.4,39.9
2011/12/26,40.0,40.7,39.7,40.1
2011/12/27,40.3,40.3,39.4,39.7
2011/12/28,39.7,40.0,38.0,38.9
2011/12/29,38.9,39.8,38.5,39.2
2011/12/30,39.7,40.0,39.2,39.2
2012/01/02,38.7,38.7,38.7,38.7
2012/01/03,39.2,41.3,39.2,41.3
2012/01/04,43.6,43.7,42.5,42.5
2012/01/05,42.5,43.0,42.1,42.5
2012/01/06,42.5,42.5,41.3,41.9
2012/01/09,41.7,41.7,40.7,40.7
2012/01/10,40.9,42.0,40.9,41.3
2012/01/11,41.3,41.9,40.8,41.5
2012/01/12,41.5,44.4,41.0,44.4
2012/01/13,46.0,47.2,44.9,46.7
2012/01/16,47.3,49.9,47.3,49.9
2012/01/17,50.7,51.7,48.8,50.1
2012/01/18,50.1,51.2,49.3,49.3
2012/01/30,51.5,51.6,50.2,50.3
2012/01/31,50.2,53.7,50.2,53.7
2012/02/01,55.5,57.1,54.0,54.4
2012/02/02,55.3,55.3,53.3,54.5
2012/02/03,54.0,55.5,53.7,54.7
2012/02/06,55.1,56.7,54.5,54.5
2012/02/07,53.1,54.7,53.1,53.2
2012/02/08,53.6,55.6,53.6,54.7
2012/02/09,55.3,56.9,54.9,56.7
2012/02/10,58.3,58.4,56.1,56.1
2012/02/13,56.0,56.6,54.7,55.9
2012/02/14,55.3,57.1,55.2,55.9
2012/02/15,56.7,57.9,56.5,57.1
2012/02/16,56.7,57.0,54.6,54.6
2012/02/17,55.1,55.3,53.5,54.6
2012/02/20,54.6,55.7,54.6,55.5
2012/02/21,55.5,56.0,54.7,54.8
2012/02/22,54.9,58.6,54.9,58.6
2012/02/23,59.3,61.5,59.3,59.3
2012/02/24,60.3,60.3,58.1,58.1
2012/02/29,58.2,60.0,57.3,58.3
2012/03/01,58.7,59.7,58.3,58.3
2012/03/02,58.9,59.0,57.7,57.9
2012/03/05,63.7,65.3,61.3,63.0
2012/03/06,63.5,65.7,58.6,61.6
2012/03/07,59.3,61.3,59.1,59.6
2012/03/08,60.3,62.1,59.7,60.8
2012/03/09,61.3,61.9,60.9,60.9
2012/03/12,60.9,63.3,60.7,60.9
2012/03/13,61.5,62.1,60.7,60.9
2012/03/14,61.9,62.1,60.9,60.9
2012/03/15,60.9,61.2,59.8,60.0
2012/03/16,60.0,60.0,59.2,59.5
2012/03/19,59.3,59.9,58.7,59.8
2012/03/20,60.0,60.0,58.7,58.7
2012/03/21,58.7,58.8,56.1,56.3
2012/03/22,56.3,57.9,56.0,56.9
2012/03/23,57.5,57.5,56.7,56.8
2012/03/26,56.8,58.3,56.8,57.3
2012/03/27,58.6,58.6,56.1,56.3
2012/03/28,56.3,56.5,55.7,55.7
2012/03/29,55.5,55.5,52.0,52.4
2012/03/30,52.1,53.7,51.4,53.7
2012/04/02,53.3,53.3,52.5,52.5
2012/04/03,52.7,53.0,49.4,50.1
2012/04/05,48.0,48.0,46.7,48.0
2012/04/06,47.9,50.1,47.9,50.0
2012/04/09,50.0,50.1,49.2,49.5
2012/04/10,49.9,50.5,49.5,49.8
2012/04/11,49.8,50.0,48.5,49.5
2012/04/12,50.9,51.5,50.0,50.8
2012/04/13,51.2,52.3,51.2,51.9
2012/04/16,52.3,52.3,50.4,50.7
2012/04/17,50.7,52.0,49.3,49.3
2012/04/18,50.6,50.6,49.2,49.2
2012/04/19,49.1,49.4,48.4,48.7
2012/04/20,48.4,48.7,48.0,48.0
2012/04/23,48.0,48.3,47.3,47.3
2012/04/24,46.7,47.9,46.4,47.1
2012/04/25,47.1,47.7,47.1,47.3
2012/04/26,48.0,48.0,47.2,47.5
2012/04/27,48.0,48.0,45.9,46.5
2012/04/30,46.3,46.5,44.7,45.6
2012/05/02,46.3,47.3,46.1,47.2
2012/05/03,47.5,48.6,46.8,47.7
2012/05/04,47.7,49.6,47.7,49.5
2012/05/07,48.8,48.8,47.9,48.1
2012/05/08,48.8,48.8,47.7,48.3
2012/05/09,48.0,48.0,47.3,47.7
2012/05/10,47.7,47.7,46.9,46.9
2012/05/11,46.9,46.9,46.1,46.4
2012/05/14,45.7,46.0,45.5,45.5
2012/05/15,45.5,45.9,45.0,45.6
2012/05/16,45.6,45.6,44.7,44.7
2012/05/17,45.3,45.6,45.3,45.3
2012/05/18,44.5,44.9,42.8,42.8
2012/05/21,43.3,43.6,43.0,43.3
2012/05/22,43.5,44.8,43.4,44.0
2012/05/23,44.0,44.0,43.5,43.5
2012/05/24,43.5,43.5,41.3,41.4
2012/05/25,41.4,41.6,40.5,40.5
2012/05/28,41.1,41.3,40.1,41.2
2012/05/29,41.6,44.1,41.6,44.1
2012/05/30,44.4,45.1,43.3,44.7
2012/05/31,44.4,44.7,43.4,44.5
2012/06/01,44.0,44.5,43.1,44.5
2012/06/04,42.7,42.7,41.6,41.7
2012/06/05,43.9,43.9,42.3,43.0
2012/06/06,43.3,44.4,42.9,44.1
2012/06/07,45.1,45.3,44.9,45.2
2012/06/08,45.3,45.3,44.4,44.5
2012/06/11,44.8,44.9,44.2,44.7
2012/06/12,44.6,44.6,44.0,44.0
2012/06/13,44.0,44.3,43.9,44.0
2012/06/14,43.5,44.3,43.5,43.9
2012/06/15,44.9,45.1,44.6,45.0
2012/06/18,46.0,46.8,45.5,46.7
2012/06/19,46.7,46.8,46.1,46.7
2012/06/20,46.7,48.3,46.7,48.0
2012/06/21,48.0,48.8,47.6,48.8
2012/06/22,48.0,48.3,47.5,48.1
2012/06/25,48.0,48.0,46.8,47.3
2012/06/26,47.2,47.3,46.7,46.7
2012/06/27,46.7,47.3,46.1,47.2
2012/06/28,46.7,46.9,46.5,46.5
2012/06/29,47.3,47.3,46.6,47.2
2012/07/02,47.2,47.9,46.9,47.2
2012/07/03,47.6,48.0,47.3,47.4
2012/07/04,47.5,48.3,47.4,48.1
2012/07/05,48.1,48.1,47.5,47.5
2012/07/06,47.5,47.5,46.9,47.2
2012/07/09,46.9,47.7,46.8,47.1
2012/07/10,46.8,47.9,46.7,46.8
2012/07/11,46.7,46.8,46.3,46.4
2012/07/12,46.3,46.7,45.6,46.0
2012/07/13,45.9,45.9,44.9,44.9
2012/07/16,45.3,45.5,44.9,44.9
2012/07/17,44.9,45.3,44.9,45.3
2012/07/18,45.5,46.0,45.5,45.6
2012/07/19,46.3,46.3,45.7,45.9
2012/07/20,46.1,46.1,45.5,45.9
2012/07/23,45.7,45.7,45.3,45.7
2012/07/24,45.7,45.7,45.2,45.3
2012/07/25,45.3,45.5,45.3,45.5
2012/07/26,45.5,45.7,45.3,45.7
2012/07/27,45.8,46.3,45.8,46.1
2012/07/30,46.1,46.5,46.0,46.4
2012/07/31,46.4,46.7,46.1,46.3
2012/08/01,43.6,44.7,43.4,44.7
2012/08/03,44.0,46.3,44.0,45.3
2012/08/06,45.3,46.4,45.3,45.6
2012/08/07,45.9,45.9,45.1,45.6
2012/08/08,45.6,47.4,45.6,46.9
2012/08/09,47.1,48.9,46.8,48.5
2012/08/10,48.5,48.9,47.6,48.5
2012/08/13,49.3,50.0,48.9,48.9
2012/08/14,48.9,49.7,48.2,48.8
2012/08/15,48.8,49.6,48.4,49.5
2012/08/16,51.3,52.0,50.4,50.5
2012/08/17,50.7,51.0,49.9,49.9
2012/08/20,49.9,50.0,48.8,49.1
2012/08/21,49.5,50.1,48.7,48.7
2012/08/22,48.3,49.2,48.3,48.7
2012/08/23,48.4,49.7,48.4,49.3
2012/08/24,49.2,50.5,49.2,50.5
2012/08/27,50.5,53.1,50.5,52.7
2012/08/28,53.1,53.1,50.9,50.9
2012/08/29,51.3,52.4,51.3,51.9
2012/08/30,51.8,52.0,51.2,51.3
2012/08/31,51.3,51.7,50.7,51.3
2012/09/03,51.8,52.4,51.5,52.2
2012/09/04,52.7,53.0,51.7,51.9
2012/09/05,51.9,51.9,51.2,51.2
2012/09/06,51.5,51.7,50.7,50.8
2012/09/07,51.1,51.9,50.9,51.2
2012/09/10,51.2,51.2,50.4,51.2
2012/09/11,51.2,53.3,51.1,52.7
2012/09/12,53.3,54.0,52.3,52.8
2012/09/13,52.9,52.9,52.0,52.5
2012/09/14,52.9,53.1,51.7,52.5
2012/09/17,52.0,52.1,51.4,51.6
2012/09/18,51.6,52.5,51.3,51.7
2012/09/19,51.7,52.0,51.5,51.6
2012/09/20,51.7,51.8,51.1,51.6
2012/09/21,51.2,51.6,51.2,51.5
2012/09/24,51.1,51.3,50.7,50.8
2012/09/25,50.8,52.5,50.8,51.3
2012/09/26,50.7,50.8,50.1,50.7
2012/09/27,50.0,50.7,50.0,50.7
2012/09/28,50.7,50.7,49.9,50.5
2012/10/01,50.5,50.5,50.0,50.1
2012/10/02,49.9,50.5,49.9,49.9
2012/10/03,50.1,50.7,50.1,50.4
2012/10/04,50.5,50.5,49.2,50.3
2012/10/05,50.3,50.5,49.6,50.0
2012/10/08,50.0,50.0,49.3,49.9
2012/10/09,49.3,49.3,48.2,48.7
2012/10/11,48.2,48.4,47.3,48.0
2012/10/12,48.3,48.3,47.7,47.7
2012/10/15,47.3,47.7,46.7,47.1
2012/10/16,47.1,47.3,46.3,46.3
2012/10/17,46.8,47.3,46.4,46.4
2012/10/18,46.5,46.7,46.4,46.5
2012/10/19,46.5,46.6,46.3,46.6
2012/10/22,45.6,45.7,45.1,45.2
2012/10/23,45.2,45.4,45.1,45.3
2012/10/24,45.3,45.3,44.7,45.3
2012/10/25,45.3,45.3,44.5,44.5
2012/10/26,44.5,44.5,42.0,42.0
2012/10/29,42.0,42.7,41.6,41.6
2012/10/30,41.6,43.2,41.6,42.5
2012/10/31,42.4,42.8,42.0,42.4
2012/11/01,42.0,42.1,41.4,42.1
2012/11/02,42.8,42.9,42.3,42.5
2012/11/05,42.8,42.8,41.7,42.0
2012/11/06,42.0,42.3,42.0,42.2
2012/11/07,42.3,42.7,42.2,42.3
2012/11/08,41.6,43.1,41.6,42.7
2012/11/09,42.3,43.7,42.3,43.1
2012/11/12,42.7,42.7,41.3,41.7
2012/11/13,41.7,41.8,40.5,40.7
2012/11/14,40.7,40.9,40.7,40.8
2012/11/15,40.7,40.7,40.3,40.5
2012/11/16,41.9,41.9,40.5,40.8
2012/11/19,40.8,40.8,40.0,40.3
2012/11/20,40.0,40.3,39.5,39.6
2012/11/21,39.7,40.1,38.7,38.7
2012/11/22,39.2,40.0,38.0,38.1
2012/11/23,38.5,38.8,38.3,38.7
2012/11/26,39.2,40.1,38.7,39.9
2012/11/27,40.3,40.3,39.7,40.1
2012/11/28,40.0,40.1,39.5,40.1
2012/11/29,40.1,40.9,40.0,40.2
2012/11/30,40.3,41.3,40.1,40.7
2012/12/03,41.1,41.7,41.1,41.2
2012/12/04,41.1,41.8,40.8,41.8
2012/12/05,43.7,43.7,42.0,42.8
2012/12/06,43.6,43.6,42.1,42.1
2012/12/07,42.1,42.4,41.5,41.5
2012/12/10,41.5,41.6,41.1,41.2
2012/12/11,41.3,41.3,40.3,40.3
2012/12/12,40.7,41.1,40.4,40.5
2012/12/13,40.7,41.1,40.6,41.1
2012/12/14,41.2,41.5,40.4,40.6
2012/12/17,40.4,40.4,39.6,39.7
2012/12/18,40.0,40.5,39.9,40.0
2012/12/19,40.5,40.6,39.9,40.1
2012/12/20,40.5,40.5,40.1,40.3
2012/12/21,40.4,40.4,39.7,39.9
2012/12/24,40.0,40.3,39.9,39.9
2012/12/25,40.1,40.7,40.1,40.4
2012/12/26,40.7,41.1,40.5,40.8
2012/12/27,40.9,41.5,40.5,41.1
2012/12/28,41.2,41.5,41.1,41.1
2013/01/02,41.2,41.6,40.9,41.1
2013/01/03,41.6,43.7,41.6,43.3
2013/01/04,43.3,43.5,42.5,42.7
2013/01/07,44.0,45.6,43.9,45.6
2013/01/08,46.0,46.3,44.5,45.5
2013/01/09,45.5,46.1,45.1,45.3
2013/01/10,45.1,45.1,44.1,44.7
2013/01/11,45.1,46.7,45.0,46.0
2013/01/14,45.1,45.5,44.8,45.3
2013/01/15,45.3,45.3,44.4,44.5
2013/01/16,43.8,44.4,43.8,44.3
2013/01/17,44.3,44.3,41.5,41.9
2013/01/18,42.7,43.0,42.2,42.4
2013/01/21,42.4,42.6,42.1,42.6
2013/01/22,42.3,43.0,42.3,42.8
2013/01/23,42.8,43.1,42.5,42.5
2013/01/24,42.4,42.6,42.1,42.2
2013/01/25,42.2,42.4,41.7,42.0
2013/01/28,42.3,42.4,42.0,42.0
2013/01/29,42.4,43.5,42.4,43.4
2013/01/30,43.5,43.9,42.7,42.9
2013/01/31,42.9,43.3,42.5,42.6
2013/02/01,42.6,42.9,42.1,42.9
2013/02/04,42.9,42.9,42.5,42.5
2013/02/05,42.5,42.5,42.1,42.2
2013/02/06,42.7,42.7,42.1,42.1
2013/02/18,42.4,42.7,42.3,42.4
2013/02/19,42.4,43.2,42.4,43.2
2013/02/20,43.7,43.7,43.2,43.3
2013/02/21,43.1,43.1,42.7,42.7
2013/02/22,42.7,42.7,42.3,42.4
2013/02/25,43.2,43.5,42.8,43.5
2013/02/26,43.2,43.2,42.5,43.0
2013/02/27,43.0,43.1,42.5,42.7
2013/03/01,42.8,43.2,42.5,42.9
2013/03/04,42.9,42.9,42.2,42.3
2013/03/05,42.3,42.7,42.3,42.5
2013/03/06,42.7,42.8,42.3,42.5
2013/03/07,42.7,44.6,42.3,43.8
2013/03/08,43.9,44.4,43.8,44.1
2013/03/11,43.9,43.9,43.3,43.7
2013/03/12,43.7,44.7,43.5,43.7
2013/03/13,43.7,44.0,43.5,43.6
2013/03/14,42.7,43.3,42.7,43.1
2013/03/15,43.1,43.3,42.8,42.9
2013/03/18,42.7,42.7,41.3,41.6
2013/03/19,41.6,42.5,41.6,42.4
2013/03/20,42.4,42.5,42.1,42.1
2013/03/21,42.1,42.2,41.8,41.9
2013/03/22,41.9,42.2,41.8,41.9
2013/03/25,42.0,42.2,42.0,42.1
2013/03/26,42.1,42.3,42.0,42.3
2013/03/27,42.3,42.3,42.0,42.3
2013/03/28,42.3,42.5,42.0,42.1
2013/03/29,41.9,42.6,41.9,42.5
2013/04/01,42.7,42.7,41.9,41.9
2013/04/02,41.7,42.4,41.6,41.7
2013/04/03,41.8,42.0,41.7,42.0
2013/04/08,42.0,42.0,40.0,40.4
2013/04/09,40.4,41.3,40.1,40.3
2013/04/10,40.3,40.3,39.5,39.7
2013/04/11,39.7,40.2,39.7,40.0
2013/04/12,39.9,39.9,39.7,39.8
2013/04/15,40.0,40.8,39.8,39.9
2013/04/16,39.5,39.5,38.8,39.1
2013/04/17,39.7,39.7,38.9,39.1
2013/04/18,39.1,39.3,39.1,39.1
2013/04/19,39.1,39.7,38.9,39.5
2013/04/22,39.2,39.5,39.2,39.3
2013/04/23,39.5,39.6,38.9,39.3
2013/04/24,39.3,39.6,39.3,39.5
2013/04/25,39.6,39.6,39.1,39.3
2013/04/26,39.5,39.6,39.1,39.1
2013/04/29,39.1,39.5,38.4,38.7
2013/04/30,38.7,39.3,38.7,38.7
2013/05/02,38.7,40.6,38.7,40.0
2013/05/03,40.4,40.4,39.3,39.7
2013/05/06,39.7,40.0,39.3,39.4
2013/05/07,40.0,40.0,39.4,39.5
2013/05/08,39.5,41.1,39.5,39.7
2013/05/09,39.7,40.0,39.5,39.7
2013/05/10,39.8,39.8,39.5,39.5
2013/05/13,39.3,39.3,38.9,38.9
2013/05/14,38.9,39.1,38.7,39.1
2013/05/15,39.1,39.3,38.8,38.9
2013/05/16,39.3,39.7,39.3,39.6
2013/05/17,39.3,39.7,39.3,39.3
2013/05/20,39.3,39.6,39.3,39.3
2013/05/21,39.3,39.7,39.3,39.6
2013/05/22,40.0,40.0,39.6,39.9
2013/05/23,39.9,40.1,39.5,39.6
2013/05/24,39.3,39.7,39.3,39.6
2013/05/27,39.3,40.0,39.3,39.8
2013/05/28,39.8,39.9,39.3,39.8
2013/05/29,39.8,41.3,39.7,40.9
2013/05/30,40.7,40.9,40.4,40.5
2013/05/31,40.7,41.9,40.5,41.6
2013/06/03,41.3,41.3,40.7,40.7
2013/06/04,40.4,40.7,40.4,40.5
2013/06/05,40.5,41.3,40.4,40.5
2013/06/06,40.3,40.4,40.0,40.0
2013/06/07,40.1,40.1,39.5,39.5
2013/06/10,39.5,40.0,39.2,39.5
2013/06/11,39.5,39.5,39.3,39.3
2013/06/13,39.3,39.9,39.2,39.9
2013/06/14,39.2,39.9,39.2,39.3
2013/06/17,39.9,39.9,39.4,39.5
2013/06/18,40.0,40.7,39.7,40.1
2013/06/19,40.2,40.4,40.0,40.2
2013/06/20,39.5,40.0,39.5,39.6
2013/06/21,38.0,38.9,38.0,38.5
2013/06/24,38.5,39.8,38.3,38.9
2013/06/25,39.1,39.3,38.7,39.3
2013/06/26,39.7,40.5,39.1,39.6
2013/06/27,39.6,40.1,39.3,39.6
2013/06/28,40.0,40.0,39.2,39.2
2013/07/01,39.2,39.7,38.9,39.3
2013/07/02,39.3,39.6,39.1,39.6
2013/07/03,39.6,39.6,39.0,39.1
2013/07/04,39.3,39.3,38.9,38.9
2013/07/05,39.0,39.3,38.7,38.9
2013/07/08,39.0,39.1,38.6,38.6
2013/07/09,38.5,39.1,38.5,38.5
2013/07/10,38.5,39.0,38.3,38.3
2013/07/11,38.6,38.7,38.3,38.3
2013/07/12,38.4,38.5,38.3,38.3
2013/07/15,38.3,38.9,38.3,38.4
2013/07/16,38.7,38.9,38.5,38.8
2013/07/17,38.5,38.7,38.5,38.6
2013/07/18,38.5,38.7,38.3,38.7
2013/07/19,38.6,38.6,38.1,38.1
2013/07/22,38.1,39.1,38.1,38.5
2013/07/23,38.5,39.7,38.5,39.2
2013/07/24,39.2,40.4,39.2,39.7
2013/07/25,39.3,39.6,39.1,39.3
2013/07/26,39.1,39.1,38.9,39.1
2013/07/29,39.3,39.3,38.7,38.8
2013/07/30,38.7,39.4,38.5,39.3
2013/07/31,38.9,38.9,38.7,38.7
2013/08/01,38.7,39.1,38.5,38.7
2013/08/02,38.9,38.9,38.6,38.9
2013/08/05,38.9,38.9,38.5,38.7
2013/08/06,39.0,39.7,38.7,39.1
2013/08/07,38.7,38.8,38.5,38.7
2013/08/08,38.7,38.8,38.5,38.6
2013/08/09,38.7,38.7,38.5,38.7
2013/08/12,38.7,38.7,38.1,38.7
2013/08/13,38.8,39.3,38.7,38.8
2013/08/14,39.3,39.3,38.8,39.1
2013/08/15,38.7,38.7,38.1,38.5
2013/08/16,38.1,38.7,38.1,38.7
2013/08/19,38.3,38.7,38.3,38.5
2013/08/20,36.0,36.0,34.9,34.9
2013/08/22,34.8,34.8,33.7,33.9
2013/08/23,34.0,34.1,33.5,33.9
2013/08/26,33.9,34.0,33.5,33.5
2013/08/27,33.5,33.6,32.9,32.9
2013/08/28,32.7,32.7,31.3,31.4
2013/08/29,31.4,31.4,30.7,31.0
2013/08/30,31.1,32.0,31.1,31.3
2013/09/02,31.3,31.3,30.9,31.1
2013/09/03,31.1,32.1,31.1,31.7
2013/09/04,31.8,32.8,31.8,32.4
2013/09/05,32.4,32.6,32.1,32.2
2013/09/06,32.2,32.5,31.9,31.9
2013/09/09,31.5,32.0,31.5,31.9
2013/09/10,31.9,32.0,31.7,31.7
2013/09/11,31.7,31.7,31.5,31.5
2013/09/12,31.5,31.9,31.2,31.2
2013/09/13,31.3,31.5,31.1,31.1
2013/09/16,31.6,31.9,31.2,31.6
2013/09/17,31.6,31.6,31.1,31.1
2013/09/18,31.5,31.7,31.2,31.2
2013/09/23,31.3,32.4,31.2,32.1
2013/09/24,32.1,32.1,31.7,31.9
2013/09/25,32.0,33.4,32.0,33.0
2013/09/26,33.1,33.1,32.3,32.5
2013/09/27,32.1,32.9,32.1,32.4
2013/09/30,32.4,32.5,32.0,32.0
2013/10/01,32.0,32.3,31.9,32.0
2013/10/02,32.0,32.0,31.7,31.7
2013/10/03,31.8,32.1,31.7,32.1
2013/10/04,32.1,32.3,31.7,31.7
2013/10/07,32.1,32.1,31.7,31.7
2013/10/08,31.9,31.9,31.5,31.5
2013/10/09,31.5,31.9,31.5,31.6
2013/10/11,31.6,32.1,31.4,31.7
2013/10/14,31.7,32.0,31.1,31.9
2013/10/15,31.9,32.9,31.5,32.5
2013/10/16,32.5,32.9,32.3,32.6
2013/10/17,33.3,33.3,32.7,32.7
2013/10/18,32.7,32.9,32.7,32.7
2013/10/21,32.7,32.7,32.1,32.5
2013/10/22,32.5,32.8,32.5,32.7
2013/10/23,32.7,32.9,32.6,32.8
2013/10/24,32.9,33.1,32.7,32.9
2013/10/25,32.8,32.8,32.3,32.6
2013/10/28,32.3,32.5,32.0,32.1
2013/10/29,32.1,32.6,32.0,32.6
2013/10/30,32.3,34.9,32.1,34.9
2013/10/31,35.6,36.4,34.7,34.7
2013/11/01,34.8,35.0,33.6,33.9
2013/11/04,33.9,34.9,33.9,34.2
2013/11/05,34.1,34.5,33.9,33.9
2013/11/06,33.9,34.4,33.6,33.9
2013/11/07,33.9,33.9,33.1,33.7
2013/11/08,33.1,33.3,33.1,33.1
2013/11/11,32.7,32.8,32.4,32.8
2013/11/12,32.8,32.8,32.2,32.4
2013/11/13,32.0,32.1,31.3,31.5
2013/11/14,31.1,31.3,31.0,31.3
2013/11/15,31.5,32.2,30.9,31.0
2013/11/18,31.2,31.3,30.9,31.0
2013/11/19,31.0,31.2,30.9,31.2
2013/11/20,30.9,31.3,30.9,31.2
2013/11/21,30.9,30.9,30.5,30.5
2013/11/22,30.5,30.8,30.5,30.5
2013/11/25,30.6,30.9,30.5,30.8
2013/11/26,30.7,31.1,30.7,31.1
2013/11/27,31.2,31.3,31.1,31.1
2013/11/28,31.2,31.7,31.2,31.4
2013/11/29,31.6,31.7,31.1,31.1
2013/12/02,31.6,31.6,31.2,31.3
2013/12/03,31.3,31.4,31.1,31.1
2013/12/04,30.9,31.1,30.7,31.0
2013/12/05,30.9,31.0,30.7,30.7
2013/12/06,30.8,31.7,30.8,31.1
2013/12/09,31.5,31.5,31.1,31.1
2013/12/10,31.6,33.2,31.6,33.2
2013/12/11,32.9,33.0,32.0,32.0
2013/12/12,32.1,34.1,32.1,33.3
2013/12/13,33.7,35.7,32.9,35.7
2013/12/16,35.9,36.6,34.7,34.7
2013/12/17,35.3,35.9,34.9,35.2
2013/12/18,35.2,37.5,35.2,36.1
2013/12/19,36.7,36.7,36.0,36.1
2013/12/20,36.4,36.4,35.5,35.6
2013/12/23,36.6,36.6,35.6,35.6
2013/12/24,36.0,36.3,34.9,35.0
2013/12/25,34.5,35.9,34.5,35.5
2013/12/26,35.5,35.9,35.5,35.8
2013/12/27,35.9,35.9,35.1,35.1
2013/12/30,35.3,35.7,35.1,35.5
2013/12/31,35.9,35.9,34.9,35.3
2014/01/02,34.7,35.5,34.7,35.3
2014/01/03,35.3,35.5,35.3,35.4
2014/01/06,36.0,37.1,35.5,36.3
2014/01/07,36.8,38.9,36.8,38.9
2014/01/08,40.0,40.7,39.1,39.3
2014/01/09,39.3,39.3,38.5,38.9
2014/01/10,39.0,40.1,38.5,39.7
2014/01/13,39.7,39.9,38.5,38.5
2014/01/14,37.8,38.3,37.4,37.6
2014/01/15,37.9,38.3,37.7,37.7
2014/01/16,38.0,38.5,37.7,38.1
2014/01/17,38.1,38.3,37.5,37.6
2014/01/20,37.6,37.8,36.9,37.0
2014/01/21,37.1,37.3,37.1,37.2
2014/01/22,37.3,37.6,36.8,36.9
2014/01/23,37.1,37.2,35.5,36.3
2014/01/24,35.8,36.7,35.8,36.0
2014/01/27,36.0,36.1,35.5,35.7
2014/02/05,35.1,36.4,34.7,36.0
2014/02/06,36.5,36.6,36.3,36.5
2014/02/07,37.2,37.2,36.4,36.8
2014/02/10,36.8,37.1,36.4,36.6
2014/02/11,34.9,36.5,34.9,36.3
2014/02/12,36.3,36.5,35.7,36.1
2014/02/13,36.1,36.5,36.0,36.1
2014/02/14,36.4,36.5,35.7,35.7
2014/02/17,35.9,35.9,35.3,35.3
2014/02/18,35.3,35.3,34.9,35.1
2014/02/19,35.1,35.4,35.0,35.3
2014/02/20,35.3,36.3,35.3,36.0
2014/02/21,36.1,36.6,36.0,36.3
2014/02/24,36.6,38.8,36.3,38.8
2014/02/25,39.1,39.1,37.8,37.9
2014/02/26,37.9,39.2,37.6,37.9
2014/02/27,38.0,38.5,37.7,38.3
2014/03/03,38.3,38.3,37.3,37.3
2014/03/04,36.9,37.9,36.9,37.1
2014/03/05,37.6,38.0,37.1,37.4
2014/03/06,37.9,37.9,37.3,37.5
2014/03/07,37.6,38.3,36.4,36.7
2014/03/10,36.7,36.7,36.1,36.4
2014/03/11,36.1,36.6,36.0,36.0
2014/03/12,36.0,36.3,35.2,35.2
2014/03/13,35.3,36.1,35.2,35.4
2014/03/14,35.4,36.3,35.4,36.0
2014/03/17,36.5,36.5,35.6,35.9
2014/03/18,35.9,36.9,35.5,36.7
2014/03/19,36.4,37.1,36.3,36.4
2014/03/20,36.4,36.4,35.5,35.7
2014/03/21,35.9,35.9,35.3,35.3
2014/03/24,35.3,35.3,34.1,34.4
2014/03/25,34.4,35.0,34.4,34.7
2014/03/26,34.8,35.0,34.7,34.9
2014/03/27,34.9,35.0,34.4,34.4
2014/03/28,34.7,36.8,34.7,35.1
2014/03/31,34.8,35.5,34.5,34.7
2014/04/01,34.7,35.3,34.5,35.1
2014/04/02,35.2,36.0,35.1,35.6
2014/04/03,35.6,35.6,35.1,35.5
2014/04/07,35.1,36.0,35.1,35.3
2014/04/08,35.5,35.5,34.9,35.2
2014/04/09,35.2,35.3,35.1,35.3
2014/04/10,35.3,35.4,35.1,35.1
2014/04/11,34.9,34.9,34.5,34.5
2014/04/14,34.7,34.8,34.0,34.1
2014/04/15,34.1,34.5,34.1,34.4
2014/04/16,34.4,34.7,34.4,34.4
2014/04/17,34.4,34.6,34.1,34.6
2014/04/18,34.5,34.9,34.4,34.9
2014/04/21,34.4,34.7,34.4,34.4
2014/04/22,34.6,36.0,34.5,35.1
2014/04/23,34.9,35.0,34.7,34.7
2014/04/24,35.6,35.6,34.1,34.3
2014/04/25,34.2,34.9,33.3,34.9
2014/04/28,34.3,34.5,33.7,34.5
2014/04/29,34.5,36.9,34.1,34.4
2014/04/30,34.5,34.8,33.9,34.5
2014/05/02,34.2,34.5,34.1,34.3
2014/05/05,34.3,34.4,34.0,34.3
2014/05/06,34.1,35.0,34.1,34.6
2014/05/07,34.1,34.5,34.1,34.4
2014/05/08,34.4,34.4,34.1,34.4
2014/05/09,34.4,34.5,34.0,34.0
2014/05/12,34.0,34.1,33.8,33.8
2014/05/13,33.8,34.9,33.8,34.9
2014/05/14,34.9,35.3,34.1,34.9
2014/05/15,34.7,35.9,34.7,35.3
2014/05/16,35.3,35.3,34.9,35.3
2014/05/19,35.8,35.8,34.9,35.2
2014/05/20,35.5,36.5,35.3,35.6
2014/05/21,35.8,35.8,34.9,35.2
2014/05/22,35.2,35.2,34.7,34.9
2014/05/23,34.9,35.3,34.9,34.9
2014/05/26,35.0,35.0,34.8,34.9
2014/05/27,35.0,35.1,34.7,34.7
2014/05/28,34.8,34.8,34.5,34.5
2014/05/29,34.5,34.5,34.1,34.3
2014/05/30,34.6,34.8,34.1,34.8
2014/06/03,34.7,34.7,34.3,34.3
2014/06/04,34.3,34.6,34.3,34.3
2014/06/05,34.3,34.5,34.2,34.4
2014/06/06,34.4,35.3,34.4,34.6
2014/06/09,34.7,34.8,34.5,34.7
2014/06/10,35.3,35.3,34.7,34.7
2014/06/11,34.8,34.8,34.5,34.5
2014/06/12,34.5,34.7,34.4,34.5
2014/06/13,34.6,34.9,34.6,34.7
2014/06/16,34.8,35.1,34.5,34.5
2014/06/17,34.5,34.9,34.4,34.4
2014/06/18,34.5,34.5,34.2,34.2
2014/06/19,34.7,34.7,34.3,34.3
2014/06/20,34.6,34.6,34.2,34.3
2014/06/23,34.3,34.3,33.3,33.3
2014/06/24,33.0,34.0,33.0,33.5
2014/06/25,33.5,33.9,33.5,33.5
2014/06/26,33.6,33.9,33.4,33.5
2014/06/27,33.6,33.6,32.8,32.8
2014/06/30,32.8,35.0,32.8,34.1
2014/07/01,34.1,34.4,33.6,33.7
2014/07/02,33.9,34.1,33.5,33.6
2014/07/03,33.7,33.9,33.3,33.5
2014/07/04,33.5,34.2,33.5,33.5
2014/07/07,33.5,33.6,33.5,33.6
2014/07/08,33.6,33.7,33.2,33.2
2014/07/09,33.3,33.3,33.0,33.1
2014/07/10,33.1,33.3,33.1,33.3
2014/07/11,32.9,33.1,32.5,32.5
2014/07/14,32.5,32.8,32.5,32.6
2014/07/15,32.6,33.3,32.6,33.3
2014/07/16,32.9,32.9,32.6,32.7
2014/07/17,32.7,32.8,32.5,32.6
2014/07/18,32.6,32.7,32.5,32.6
2014/07/21,32.7,32.8,32.7,32.7
2014/07/22,32.9,32.9,32.7,32.7
2014/07/24,32.7,32.8,32.6,32.7
2014/07/25,33.0,34.9,33.0,34.9
2014/07/28,35.1,36.5,34.9,35.1
2014/07/29,35.1,35.6,32.9,33.5
2014/07/30,33.5,34.6,33.1,34.5
2014/07/31,34.1,34.9,33.9,34.5
2014/08/01,33.1,34.3,33.1,33.8
2014/08/04,33.9,33.9,33.6,33.7
2014/08/05,33.7,34.1,33.7,34.1
2014/08/06,34.1,34.1,32.4,33.3
2014/08/07,33.7,33.7,33.2,33.3
2014/08/08,33.3,33.3,32.6,32.9
2014/08/11,33.1,33.5,32.9,32.9
2014/08/12,34.0,34.0,32.9,32.9
2014/08/13,33.1,33.2,32.9,33.1
2014/08/14,33.5,33.5,32.8,32.9
2014/08/15,32.9,33.3,32.8,32.8
2014/08/18,35.1,35.1,33.2,33.5
2014/08/19,33.6,34.3,33.5,33.5
2014/08/20,33.4,33.6,33.3,33.4
2014/08/21,33.3,33.3,33.1,33.1
2014/08/22,33.2,33.7,33.2,33.3
2014/08/25,33.6,33.7,33.3,33.3
2014/08/26,33.6,33.7,33.3,33.7
2014/08/27,33.8,34.3,33.7,33.9
2014/08/28,33.9,34.1,33.7,34.1
2014/08/29,33.9,33.9,33.6,33.7
2014/09/01,33.7,34.3,33.6,33.7
2014/09/02,33.6,33.7,33.5,33.5
2014/09/03,33.5,33.5,33.4,33.5
2014/09/04,33.5,33.7,33.5,33.7
2014/09/05,33.7,34.1,33.7,34.1
2014/09/09,33.5,33.9,33.5,33.5
2014/09/10,33.6,33.9,33.3,33.5
2014/09/11,33.5,33.5,33.3,33.5
2014/09/12,33.8,33.8,33.1,33.1
2014/09/15,33.1,33.4,32.7,33.3
2014/09/16,33.3,33.3,33.1,33.3
2014/09/17,33.3,33.9,33.3,33.6
2014/09/18,33.9,35.9,33.7,35.9
2014/09/19,36.6,38.4,36.6,37.6
2014/09/22,37.6,39.2,36.7,38.7
2014/09/23,38.8,39.0,38.1,38.5
2014/09/24,38.5,39.5,37.6,37.8
2014/09/25,37.8,37.8,36.8,36.8
2014/09/26,36.2,39.3,36.2,39.3
2014/09/29,41.2,42.1,40.8,42.1
2014/09/30,42.7,44.7,42.0,42.3
2014/10/01,42.0,44.4,40.8,41.9
2014/10/02,41.6,42.9,41.6,42.3
2014/10/03,43.3,44.5,42.7,42.7
2014/10/06,43.3,43.3,41.7,42.2
2014/10/07,43.7,45.1,43.3,45.1
2014/10/08,45.9,46.7,42.0,42.0
2014/10/09,42.0,42.7,39.5,40.3
2014/10/13,39.1,39.3,37.5,37.5
2014/10/14,37.5,38.7,36.9,38.1
2014/10/15,37.5,39.2,37.4,39.2
2014/10/16,38.1,38.4,36.5,36.5
2014/10/17,37.1,37.3,34.1,34.1
2014/10/20,36.3,36.3,34.9,35.4
2014/10/21,35.5,35.9,34.9,35.4
2014/10/22,36.0,36.9,35.5,35.5
2014/10/23,35.7,35.9,35.1,35.1
2014/10/24,35.3,35.5,34.6,34.6
2014/10/27,34.9,34.9,32.3,33.0
2014/10/28,33.0,34.4,33.0,33.8
2014/10/29,34.5,36.1,34.4,36.1
2014/10/30,36.7,37.7,36.3,36.3
2014/10/31,36.4,37.7,36.4,37.3
2014/11/03,37.8,37.9,36.3,36.9
2014/11/04,37.0,37.6,36.2,37.6
2014/11/05,37.7,37.9,36.7,37.3
2014/11/06,37.3,37.5,36.3,36.3
2014/11/07,36.3,37.1,36.3,37.1
2014/11/10,37.1,37.5,36.5,36.7
2014/11/11,36.8,36.9,36.0,36.1
2014/11/12,37.0,38.5,37.0,38.5
2014/11/13,38.1,39.1,37.8,38.3
2014/11/14,38.9,40.2,38.4,39.9
2014/11/17,40.5,40.5,38.0,38.0
2014/11/18,38.1,38.5,36.3,36.5
2014/11/19,36.9,37.5,36.7,37.1
2014/11/20,37.3,38.1,37.3,37.7
2014/11/21,37.9,40.3,37.9,40.3
2014/11/24,41.6,43.1,41.6,43.1
2014/11/25,43.1,43.5,41.8,43.0
2014/11/26,43.5,44.7,42.1,42.4
2014/11/27,42.9,43.7,41.7,42.1
2014/11/28,42.7,42.7,40.7,40.9
2014/12/01,40.0,43.3,40.0,43.3
2014/12/02,43.5,43.5,42.4,42.7
2014/12/03,43.3,44.4,42.7,43.7
2014/12/04,44.1,44.1,42.5,42.9
2014/12/05,42.9,43.7,42.3,42.3
2014/12/08,42.5,42.6,41.3,41.4
2014/12/09,42.0,43.9,41.9,42.3
2014/12/10,42.3,43.7,42.1,42.9
2014/12/11,42.5,44.9,42.5,43.4
2014/12/12,43.7,43.9,42.9,43.3
2014/12/15,42.7,42.9,41.9,42.7
2014/12/16,43.3,45.6,43.3,44.5
2014/12/17,44.0,44.5,41.9,42.2
2014/12/18,42.5,43.0,42.0,42.3
2014/12/19,43.2,43.2,39.3,40.0
2014/12/22,40.1,41.1,39.7,40.9
2014/12/23,41.1,41.3,40.4,40.4
2014/12/24,40.5,40.8,40.2,40.4
2014/12/25,40.7,41.9,40.5,41.2
2014/12/26,41.2,41.3,40.8,41.2
2014/12/29,41.7,41.8,40.8,40.9
2014/12/30,40.9,42.0,40.9,41.2
2014/12/31,41.5,41.6,40.9,41.6
2015/01/05,41.7,41.7,41.1,41.6
2015/01/06,41.3,42.7,41.1,42.7
2015/01/07,43.2,45.7,42.9,44.7
2015/01/08,45.2,47.3,44.7,46.4
2015/01/09,46.6,46.8,45.4,45.5
2015/01/12,45.5,46.1,44.0,44.0
2015/01/13,44.4,45.2,44.1,44.3
2015/01/14,44.9,45.5,44.2,45.0
2015/01/15,45.1,46.5,45.1,45.3
2015/01/16,45.4,45.9,43.5,43.5
2015/01/19,43.7,44.1,42.8,43.7
2015/01/20,43.8,44.5,43.8,43.9
2015/01/21,44.0,45.1,43.9,44.0
2015/01/22,44.0,44.7,44.0,44.2
2015/01/23,44.7,44.7,43.7,43.7
2015/01/26,44.0,45.9,43.8,45.6
2015/01/27,45.9,46.2,44.7,44.7
2015/01/28,44.4,45.3,44.3,44.8
2015/01/29,44.8,45.2,44.1,45.2
2015/01/30,45.2,45.2,44.5,44.5
2015/02/02,44.5,44.5,42.8,42.8
2015/02/03,42.8,43.4,42.8,43.2
2015/02/04,43.6,43.7,43.1,43.1
2015/02/05,43.2,43.7,42.7,42.8
2015/02/06,42.8,43.3,42.8,42.9
2015/02/09,42.7,43.2,42.5,42.7
2015/02/10,42.9,44.5,42.9,43.3
2015/02/11,43.5,44.3,42.9,44.3
2015/02/12,44.8,44.8,43.7,43.7
2015/02/13,44.3,44.3,43.2,43.2
2015/02/24,43.6,45.0,43.3,44.9
2015/02/25,44.9,46.9,44.7,46.1
2015/02/26,46.1,48.3,45.1,47.5
2015/03/02,48.4,50.1,47.7,47.7
2015/03/03,47.7,48.9,47.2,47.7
2015/03/04,47.7,48.5,46.4,46.9
2015/03/05,47.0,50.2,46.9,49.9
2015/03/06,49.5,49.7,48.7,49.1
2015/03/09,48.8,49.1,48.1,48.5
2015/03/10,48.6,50.0,48.6,48.9
2015/03/11,48.1,49.1,48.1,48.9
2015/03/12,48.9,52.3,48.7,50.9
2015/03/13,52.0,53.9,52.0,52.7
2015/03/16,54.0,54.0,51.8,52.2
2015/03/17,52.7,53.1,50.9,51.1
2015/03/18,51.7,54.3,51.7,54.0
2015/03/19,54.9,55.7,53.5,53.9
2015/03/20,54.5,54.5,52.9,53.1
2015/03/23,53.1,53.1,51.1,51.3
2015/03/24,51.3,52.7,51.0,51.2
2015/03/25,51.3,52.1,49.8,50.1
2015/03/26,49.3,50.1,48.9,49.7
2015/03/27,49.7,50.4,48.4,48.5
2015/03/30,48.5,49.1,46.6,46.9
2015/03/31,47.9,48.9,47.3,48.1
2015/04/01,48.0,48.0,47.7,47.7
2015/04/02,47.6,49.3,47.6,48.6
2015/04/07,50.0,50.9,49.2,50.8
2015/04/08,50.7,52.1,50.5,52.0
2015/04/09,51.5,51.5,48.4,48.4
2015/04/10,48.4,49.3,47.1,49.1
2015/04/13,49.1,49.1,47.9,48.3
2015/04/14,48.5,48.6,47.9,47.9
2015/04/15,47.8,48.9,47.8,48.7
2015/04/16,49.2,49.3,47.7,47.7
2015/04/17,47.8,48.5,46.3,46.5
2015/04/20,46.5,46.5,43.3,43.3
2015/04/21,42.7,43.3,40.4,41.9
2015/04/22,41.7,42.9,40.9,42.4
2015/04/23,42.7,43.2,41.8,41.9
2015/04/24,42.1,42.2,39.6,40.0
2015/04/27,40.1,40.9,39.5,40.6
2015/04/28,41.1,41.1,40.1,40.1
2015/04/29,40.1,40.3,38.8,38.9
2015/04/30,38.9,39.8,38.9,39.2
2015/05/04,39.3,41.1,39.3,40.0
2015/05/05,40.1,40.7,40.0,40.0
2015/05/06,40.0,40.3,39.7,40.0
2015/05/07,40.1,40.1,39.3,39.3
2015/05/08,40.0,40.0,39.1,39.1
2015/05/11,38.7,38.7,36.4,36.4
2015/05/12,36.1,36.9,34.7,35.5
2015/05/13,35.6,36.4,35.6,36.0
2015/05/14,36.3,36.3,34.7,34.9
2015/05/15,35.1,35.5,34.8,35.1
2015/05/18,35.3,35.3,33.7,33.7
2015/05/19,33.6,34.0,32.9,33.7
2015/05/20,34.4,35.3,34.2,35.1
2015/05/21,34.9,35.9,34.4,34.7
2015/05/22,35.1,35.1,34.6,34.8
2015/05/25,34.8,34.8,34.3,34.5
2015/05/26,34.7,34.9,34.4,34.9
2015/05/27,34.9,35.1,34.7,34.7
2015/05/28,34.7,35.7,34.7,35.5
2015/05/29,35.7,38.0,35.6,37.9
2015/06/01,37.9,37.9,36.3,36.7
2015/06/02,36.7,37.7,36.2,37.1
2015/06/03,37.3,37.3,35.6,35.7
2015/06/04,35.5,35.6,33.7,34.0
2015/06/05,33.6,34.0,32.3,33.3
2015/06/08,33.1,33.1,31.6,32.1
2015/06/09,31.0,31.6,28.9,28.9
2015/06/10,28.9,30.0,28.9,30.0
2015/06/11,30.1,30.9,29.8,30.0
2015/06/12,29.5,30.4,29.5,29.7
2015/06/15,29.7,30.4,29.7,30.3
2015/06/16,30.2,30.2,29.6,29.8
2015/06/17,29.8,30.5,29.4,30.4
2015/06/18,31.1,31.4,30.9,31.2
2015/06/22,32.0,32.6,31.7,32.5
2015/06/23,33.7,33.9,32.5,32.7
2015/06/24,32.9,33.1,32.5,32.5
2015/06/25,32.4,33.1,32.3,32.5
2015/06/26,32.7,32.9,32.2,32.5
2015/06/29,31.9,32.5,31.4,32.5
2015/06/30,31.5,32.6,31.5,32.5
2015/07/01,32.7,32.8,32.5,32.5
2015/07/02,32.3,33.0,32.3,32.4
2015/07/03,32.7,32.7,32.1,32.1
2015/07/06,32.4,32.5,31.7,32.0
2015/07/07,32.0,32.0,31.3,31.7
2015/07/08,31.3,31.3,30.0,30.1
2015/07/09,29.9,29.9,28.1,29.5
2015/07/13,29.7,29.9,29.7,29.7
2015/07/14,29.7,30.0,29.7,29.7
2015/07/15,29.9,29.9,29.5,29.7
2015/07/16,29.9,29.9,29.7,29.9
2015/07/17,29.6,29.9,29.5,29.5
2015/07/20,28.2,28.2,27.6,27.7
2015/07/21,27.7,27.7,27.1,27.2
2015/07/22,26.8,27.3,26.6,27.2
2015/07/23,27.3,27.5,26.7,27.1
2015/07/24,26.8,26.9,26.7,26.7
2015/07/27,26.6,27.7,25.9,26.3
2015/07/28,25.3,26.9,25.0,26.2
2015/07/29,26.2,26.2,25.7,25.9
2015/07/30,26.6,26.7,26.2,26.2
2015/07/31,26.1,26.3,25.8,26.3
2015/08/03,27.1,27.1,25.4,25.9
2015/08/04,25.5,25.9,23.7,24.9
2015/08/05,24.7,25.1,24.7,25.0
2015/08/06,26.8,26.8,24.7,25.0
2015/08/07,24.3,25.2,24.3,24.9
2015/08/10,24.7,25.2,24.7,24.8
2015/08/11,25.3,25.3,24.8,24.8
2015/08/12,24.4,25.1,23.9,25.1
2015/08/13,24.5,26.0,24.5,25.9
2015/08/14,25.7,26.7,25.6,26.3
2015/08/17,26.3,27.5,26.1,27.4
2015/08/18,27.3,28.7,27.1,28.7
2015/08/19,28.0,29.1,27.7,28.7
2015/08/20,28.0,28.9,27.7,28.6
2015/08/21,28.0,28.0,26.2,27.9
2015/08/24,26.0,26.0,25.1,25.1
2015/08/25,22.7,24.3,22.7,23.6
2015/08/26,23.1,23.6,22.8,23.5
2015/08/27,24.5,24.5,23.7,23.7
2015/08/28,24.0,24.7,24.0,24.1
2015/08/31,24.4,24.8,24.1,24.1
2015/09/01,24.3,24.3,23.9,24.1
2015/09/02,24.0,24.7,23.9,24.7
2015/09/03,25.1,26.1,24.9,25.8
2015/09/04,25.9,27.2,25.7,25.8
2015/09/07,25.8,25.8,25.6,25.6
2015/09/08,25.8,25.9,25.6,25.7
2015/09/09,25.9,26.4,25.9,26.1
2015/09/10,25.5,26.4,25.5,26.3
2015/09/11,26.3,26.3,25.7,25.7
2015/09/14,26.0,26.3,25.8,25.8
2015/09/15,25.8,26.9,25.8,26.5
2015/09/16,26.7,27.2,26.7,26.7
2015/09/17,27.1,27.1,26.4,26.4
2015/09/18,26.5,27.3,26.5,27.2
2015/09/21,26.7,26.9,26.5,26.9
2015/09/22,26.9,27.2,26.9,26.9
2015/09/23,27.6,27.6,26.1,26.1
2015/09/24,26.5,26.5,25.7,26.2
2015/09/25,26.2,26.3,26.0,26.3
2015/09/30,24.7,26.6,24.7,26.3
2015/10/01,26.3,27.1,26.3,26.7
2015/10/02,27.0,27.3,26.5,27.3
2015/10/05,27.9,30.1,27.9,30.1
2015/10/06,31.0,31.0,29.1,29.4
2015/10/07,29.7,29.8,29.3,29.7
2015/10/08,29.3,30.1,29.3,29.3
2015/10/12,30.6,30.6,29.7,29.7
2015/10/13,29.3,29.9,29.3,29.5
2015/10/14,29.5,29.7,29.2,29.6
2015/10/15,29.9,30.0,29.4,29.7
2015/10/16,29.6,30.3,29.6,29.7
2015/10/19,30.0,30.2,29.7,30.0
2015/10/20,29.8,31.3,29.8,30.5
2015/10/21,30.9,31.1,30.1,30.8
2015/10/22,30.8,30.8,30.4,30.4
2015/10/23,30.7,30.8,29.5,29.5
2015/10/26,29.7,30.2,29.7,30.1
2015/10/27,30.4,30.4,29.9,30.3
2015/10/28,29.9,30.4,29.9,30.2
2015/10/29,30.2,30.5,30.1,30.4
2015/10/30,30.3,31.1,30.3,30.9
2015/11/02,31.4,32.5,30.5,31.9
2015/11/03,32.1,32.6,31.5,31.8
2015/11/04,32.0,32.0,31.6,31.7
2015/11/05,30.9,31.9,30.9,31.4
2015/11/06,32.2,32.2,30.9,31.1
2015/11/09,32.0,32.0,30.2,30.3
2015/11/10,30.0,30.5,30.0,30.5
2015/11/11,30.3,30.3,29.4,29.4
2015/11/12,29.4,30.0,29.4,29.5
2015/11/13,29.7,29.7,28.8,28.9
2015/11/16,28.8,28.9,27.5,28.9
2015/11/17,29.0,29.5,29.0,29.1
2015/11/18,29.1,29.1,28.1,28.5
2015/11/19,28.5,29.1,28.5,28.7
2015/11/20,29.5,29.6,28.8,28.9
2015/11/23,28.9,29.5,28.4,28.7
2015/11/24,28.8,29.1,28.4,29.1
2015/11/25,29.0,29.0,27.9,28.7
2015/11/26,28.7,28.9,28.5,28.9
2015/11/27,28.7,28.9,28.5,28.5
2015/11/30,28.2,28.2,27.7,27.7
2015/12/01,27.5,28.5,27.5,27.9
2015/12/02,27.9,28.7,27.9,28.0
2015/12/03,28.0,28.5,28.0,28.5
2015/12/04,28.4,29.6,28.4,29.2
2015/12/08,29.1,29.3,28.7,28.9
2015/12/09,28.6,29.1,28.3,28.3
2015/12/10,28.4,28.4,27.9,27.9
2015/12/11,28.1,28.3,27.7,27.7
2015/12/14,27.5,27.8,27.2,27.7
2015/12/15,27.7,28.1,27.6,27.7
2015/12/16,27.7,28.7,27.7,28.3
2015/12/17,28.3,28.8,28.2,28.6
2015/12/18,28.5,29.0,28.5,28.5
2015/12/21,29.3,29.3,28.3,28.7
2015/12/22,29.1,29.5,28.7,28.7
2015/12/23,28.7,29.3,28.7,28.7
2015/12/24,28.9,29.2,28.7,29.1
2015/12/25,29.1,29.1,28.7,29.1
2015/12/28,28.7,28.7,28.5,28.5
2015/12/29,29.3,29.3,28.7,28.7
2015/12/30,28.7,28.9,28.6,28.8
2015/12/31,28.5,29.2,28.5,29.1
2016/01/05,28.8,30.1,28.8,29.7
2016/01/06,29.7,31.7,29.7,31.2
2016/01/07,31.3,31.3,28.1,29.1
2016/01/08,28.8,29.9,28.8,29.3
2016/01/11,29.6,29.7,29.0,29.5
2016/01/12,29.3,29.3,29.0,29.0
2016/01/13,29.1,29.1,28.9,29.1
2016/01/14,29.0,29.0,28.2,28.9
2016/01/15,28.8,29.0,28.4,28.9
2016/01/18,28.9,29.7,28.5,29.5
2016/01/19,29.6,30.7,29.5,30.7
2016/01/20,31.0,31.0,29.4,30.3
2016/01/21,29.6,30.3,29.6,29.9
2016/01/22,30.3,30.4,30.0,30.3
2016/01/25,30.7,33.3,30.7,33.3
2016/01/26,33.6,34.8,33.5,33.6
2016/01/27,33.7,34.0,32.8,33.5
2016/01/28,33.5,36.9,33.5,36.9
2016/01/29,37.3,39.3,36.9,37.4
2016/02/01,38.3,38.3,37.5,38.0
2016/02/02,37.7,41.6,37.7,40.2
2016/02/03,39.7,40.1,39.1,39.3
2016/02/15,39.0,39.9,38.7,39.4
2016/02/16,41.5,41.5,38.9,38.9
2016/02/17,39.8,39.8,36.3,36.3
2016/02/18,36.3,39.3,36.3,38.7
2016/02/19,40.0,40.0,37.8,38.7
2016/02/22,38.7,38.9,37.1,37.9
2016/02/23,38.8,38.8,37.8,38.0
2016/02/24,38.7,39.3,38.1,38.7
2016/02/25,40.1,42.5,40.0,42.5
2016/02/26,44.3,46.7,44.3,46.1
2016/03/01,48.7,50.0,46.9,47.3
2016/03/02,47.7,49.1,45.7,46.5
2016/03/03,46.0,48.3,46.0,46.5
2016/03/04,47.9,48.4,45.7,46.3
2016/03/07,46.5,46.6,42.9,43.7
2016/03/08,45.2,45.2,43.3,44.5
2016/03/09,44.8,45.7,44.1,45.6
2016/03/10,46.5,46.5,45.3,46.0
2016/03/11,46.1,46.3,45.5,46.0
2016/03/14,46.7,47.2,45.5,46.0
2016/03/15,46.1,46.3,43.9,43.9
2016/03/16,44.0,46.0,43.5,45.5
2016/03/17,45.9,47.2,44.7,44.7
2016/03/18,44.8,46.3,44.5,46.0
2016/03/21,46.0,47.1,45.5,46.1
2016/03/22,46.9,46.9,45.5,45.8
2016/03/23,46.0,46.6,45.8,46.0
2016/03/24,45.7,46.0,45.1,45.3
2016/03/25,45.7,46.3,44.6,44.9
2016/03/28,46.8,47.7,46.5,46.7
2016/03/29,46.9,47.1,44.0,44.2
2016/03/30,45.1,45.7,44.7,45.2
2016/03/31,45.1,45.2,44.1,44.3
2016/04/01,44.0,44.5,43.1,43.1
2016/04/06,43.6,46.1,43.1,46.1
2016/04/07,46.7,50.2,46.1,48.3
2016/04/08,49.6,50.0,47.3,47.7
2016/04/11,47.7,48.2,47.1,47.1
2016/04/12,47.3,48.7,45.8,46.1
2016/04/13,47.3,48.8,46.7,48.5
2016/04/14,49.9,53.3,49.9,53.3
2016/04/15,55.2,55.5,51.9,53.1
2016/04/18,52.3,56.7,52.3,54.2
2016/04/19,55.1,57.0,54.5,56.0
2016/04/20,56.5,56.9,53.6,54.1
2016/04/21,56.4,59.5,56.4,59.5
2016/04/22,58.5,63.1,58.5,60.5
2016/04/25,62.1,62.1,58.8,59.1
2016/04/26,58.7,58.9,57.1,57.6
2016/04/27,58.1,60.6,57.7,57.8
2016/04/28,58.2,58.7,54.7,55.5
2016/04/29,54.7,56.5,54.1,55.9
2016/05/03,56.3,56.3,53.3,53.3
2016/05/04,53.1,55.2,53.1,53.8
2016/05/05,54.7,55.9,54.0,55.7
2016/05/06,54.9,55.2,53.8,54.0
2016/05/09,54.5,54.5,48.7,48.7
2016/05/10,47.4,48.5,43.9,47.4
2016/05/11,47.9,48.5,43.9,44.3
2016/05/12,44.3,45.6,41.5,41.5
2016/05/13,44.7,45.6,43.7,45.6
2016/05/16,46.1,46.4,44.4,45.1
2016/05/17,45.3,45.9,44.8,45.6
2016/05/18,45.7,47.6,45.5,46.2
2016/05/19,46.9,47.0,45.5,45.5
2016/05/20,45.9,46.1,44.3,45.0
2016/05/23,45.3,47.2,45.3,46.3
2016/05/24,46.6,49.7,46.3,48.9
2016/05/25,49.6,50.3,48.9,49.0
2016/05/26,49.3,49.3,48.1,48.4
2016/05/27,49.3,51.2,48.9,50.0
2016/05/30,51.1,51.6,50.1,50.1
2016/05/31,50.7,51.2,49.5,50.1
2016/06/01,50.3,51.9,50.0,50.4
2016/06/02,51.1,51.2,48.7,49.4
2016/06/03,50.1,50.1,48.7,48.9
2016/06/06,49.6,53.1,49.0,52.1
2016/06/07,53.3,54.7,53.1,54.1
2016/06/08,54.7,54.8,52.1,52.3
2016/06/13,52.7,53.5,51.3,53.2
2016/06/14,54.0,54.1,52.8,53.5
2016/06/15,54.0,57.1,53.9,55.5
2016/06/16,56.1,57.1,54.1,54.1
2016/06/17,55.1,55.9,54.1,54.8
2016/06/20,55.6,56.5,55.3,56.0
2016/06/21,55.6,56.6,55.6,55.9
2016/06/22,56.3,57.0,55.8,55.8
2016/06/23,56.6,57.9,55.8,56.8
2016/06/24,56.8,56.9,51.3,53.2
2016/06/27,53.1,54.8,52.9,54.8
2016/06/28,54.4,56.7,54.3,56.0
2016/06/29,56.7,59.3,56.3,57.3
2016/06/30,57.3,58.1,56.7,56.9
2016/07/01,58.5,59.3,57.6,57.9
2016/07/04,57.9,58.5,57.1,58.5
2016/07/05,58.7,59.8,58.3,58.5
2016/07/06,58.3,58.3,56.8,57.0
2016/07/07,57.6,57.9,56.8,56.8
2016/07/11,58.9,60.7,58.0,59.9
2016/07/12,61.1,62.3,60.3,60.6
2016/07/13,61.3,66.6,60.9,66.1
2016/07/14,64.8,69.2,64.8,67.6
2016/07/15,68.1,74.3,68.0,73.6
2016/07/18,74.1,75.7,72.4,73.5
2016/07/19,73.7,79.2,72.8,78.9
2016/07/20,78.7,82.5,71.7,73.3
2016/07/21,74.8,76.5,71.1,73.9
2016/07/22,74.3,75.1,72.7,72.8
2016/07/25,72.1,76.1,72.1,73.2
2016/07/26,73.6,75.1,72.8,74.4
2016/07/27,75.1,75.1,72.8,73.5
2016/07/28,72.5,73.5,66.1,67.3
2016/07/29,67.1,69.2,66.1,67.5
2016/08/01,68.8,70.0,67.6,69.5
2016/08/02,70.3,74.3,70.1,74.0
2016/08/03,72.7,75.1,72.4,73.2
2016/08/04,72.9,76.3,72.9,74.8
2016/08/05,75.7,76.0,74.1,75.6
2016/08/08,75.2,77.1,74.0,75.2
2016/08/09,76.4,82.7,76.3,82.4
2016/08/10,82.9,89.9,81.6,89.1
2016/08/11,88.5,90.7,84.7,88.3
2016/08/12,89.7,92.3,87.1,88.8
2016/08/15,88.1,88.8,86.0,88.8
2016/08/16,90.7,92.3,88.9,88.9
2016/08/17,86.8,88.3,85.7,88.0
2016/08/18,90.7,95.1,90.4,93.6
2016/08/19,95.2,97.9,93.7,96.7
2016/08/22,97.3,98.1,94.8,97.9
2016/08/23,99.2,106.5,98.3,105.5
2016/08/24,107.2,110.4,95.3,95.3
2016/08/25,94.7,98.4,94.5,97.6
2016/08/26,96.8,98.5,92.1,94.5
2016/08/29,95.3,97.7,94.9,95.6
2016/08/30,105.1,105.1,102.7,105.1
2016/08/31,106.4,115.5,106.1,114.9
2016/09/01,117.3,118.1,108.0,116.0
2016/09/02,116.0,116.0,110.7,110.7
2016/09/05,112.0,116.5,108.7,116.5
2016/09/06,116.7,119.1,114.8,116.5
2016/09/07,116.1,117.5,113.1,114.7
2016/09/08,113.5,116.9,113.5,115.1
2016/09/09,119.3,120.4,117.1,118.0
2016/09/12,115.1,115.1,112.0,112.0
2016/09/13,114.0,114.3,107.2,107.5
2016/09/14,107.3,108.7,101.7,106.8
2016/09/19,109.3,116.7,108.8,116.7
2016/09/20,115.7,116.0,112.9,113.3
2016/09/21,114.0,115.1,111.7,113.6
2016/09/22,114.7,114.7,111.2,111.3
2016/09/23,112.0,113.3,111.6,112.8
2016/09/26,112.7,112.7,106.4,107.3
2016/09/29,108.8,109.1,104.0,104.0
2016/09/30,102.7,107.9,101.7,105.3
2016/10/03,105.3,108.4,104.1,106.0
2016/10/04,107.5,110.1,107.2,107.5
2016/10/05,105.7,107.7,105.5,106.1
2016/10/06,107.3,107.5,104.1,104.4
2016/10/07,104.4,104.9,99.3,101.3
2016/10/11,102.7,102.8,95.3,99.1
2016/10/12,99.1,100.4,96.9,99.1
2016/10/13,97.9,99.7,96.3,96.4
2016/10/14,95.5,96.3,89.3,89.9
2016/10/17,91.5,97.7,91.1,97.5
2016/10/18,97.5,101.2,96.1,100.0
2016/10/19,99.1,100.0,97.3,97.3
2016/10/20,97.1,97.1,91.7,93.2
2016/10/21,92.0,97.1,92.0,96.3
2016/10/24,97.1,98.4,94.7,95.1
2016/10/25,96.1,96.4,94.9,95.9
2016/10/26,95.9,95.9,93.7,95.3
2016/10/27,96.5,100.9,96.4,98.1
2016/10/28,97.3,97.3,93.9,93.9
2016/10/31,93.7,94.1,90.4,94.1
2016/11/01,93.2,95.3,92.4,95.3
2016/11/02,94.7,94.7,92.4,93.3
2016/11/03,91.9,94.4,90.1,90.8
2016/11/04,89.2,94.0,86.4,94.0
2016/11/07,94.0,97.3,94.0,95.1
2016/11/08,95.1,96.3,93.1,93.3
2016/11/09,88.0,90.9,84.0,84.0
2016/11/10,90.9,91.1,88.4,90.7
2016/11/11,89.3,89.9,87.1,89.1
2016/11/14,86.8,89.7,86.0,88.5
2016/11/15,89.9,91.7,88.7,90.1
2016/11/16,91.3,93.6,91.3,91.6
2016/11/17,92.4,97.3,92.4,97.3
2016/11/18,99.3,100.5,98.3,98.3
2016/11/21,98.0,99.9,96.7,99.9
2016/11/22,100.5,103.7,100.4,101.7
2016/11/23,102.9,103.6,100.8,102.0
2016/11/24,106.7,109.9,103.6,104.8
2016/11/25,104.8,106.4,103.3,104.3
2016/11/28,105.7,105.9,97.2,98.0
2016/11/29,98.9,101.9,98.4,101.9
2016/11/30,102.5,103.9,101.7,103.5
2016/12/01,103.2,104.7,102.5,102.8
2016/12/02,102.0,102.9,99.2,102.9
2016/12/05,104.0,105.9,103.9,104.8
2016/12/06,105.2,108.4,105.1,106.8
2016/12/07,108.8,109.2,105.2,106.3
2016/12/08,106.7,107.2,104.3,104.7
2016/12/09,103.5,104.1,101.7,103.5
2016/12/12,104.0,104.5,101.3,101.3
2016/12/13,101.1,104.5,100.7,102.7
2016/12/14,102.3,103.7,101.9,103.1
2016/12/15,102.8,102.9,101.6,101.6
2016/12/16,101.2,104.8,101.1,103.6
2016/12/19,105.5,106.1,102.1,102.1
2016/12/20,102.1,103.2,100.5,103.1
2016/12/21,103.3,103.6,101.7,101.7
2016/12/22,102.0,102.4,99.5,99.9
2016/12/23,99.9,101.1,99.1,99.1
2016/12/26,99.3,100.3,98.8,100.0
2016/12/27,99.9,100.7,99.5,99.6
2016/12/28,99.3,100.5,99.3,100.5
2016/12/29,100.3,100.3,99.5,99.6
2016/12/30,99.6,100.0,99.3,99.5
2017/01/03,99.6,100.7,97.2,97.3
2017/01/04,97.7,97.9,94.4,95.2
2017/01/05,94.4,97.2,93.1,94.7
2017/01/06,94.3,95.7,93.9,94.9
2017/01/09,94.9,95.9,93.5,93.7
2017/01/10,92.0,92.0,88.0,91.7
2017/01/11,92.1,92.8,89.2,90.8
2017/01/12,90.9,91.5,89.2,89.3
2017/01/13,88.7,91.7,88.3,91.7
2017/01/16,91.9,91.9,89.6,89.6
2017/01/17,89.7,90.9,89.7,90.7
2017/01/18,90.7,92.9,90.4,91.5
2017/01/19,92.0,92.5,90.9,91.1
2017/01/20,91.3,91.5,89.3,90.4
2017/01/23,90.4,91.6,90.3,90.3
2017/01/24,90.4,91.2,89.7,89.9
2017/02/02,89.9,91.3,88.1,88.1
2017/02/03,88.7,88.9,86.5,87.6
2017/02/06,87.7,91.9,87.7,91.2
2017/02/07,90.7,93.1,90.0,90.0
2017/02/08,90.1,90.7,89.1,89.1
2017/02/09,88.0,91.7,87.7,91.5
2017/02/10,92.5,92.8,91.5,92.0
2017/02/13,92.3,99.7,92.3,97.9
2017/02/14,98.8,99.9,97.3,98.5
2017/02/15,99.2,99.5,97.3,97.3
2017/02/16,96.5,98.1,94.5,94.5
2017/02/17,94.5,96.7,94.4,95.9
2017/02/20,98.9,102.3,98.4,100.3
2017/02/21,102.7,103.2,99.5,100.4
2017/02/22,102.4,103.2,97.7,97.9
2017/02/23,98.3,100.0,96.7,97.3
2017/02/24,97.3,97.3,95.2,95.9
2017/03/01,95.9,96.8,92.0,92.0
2017/03/02,93.3,93.6,91.9,92.1
2017/03/03,91.9,93.7,91.5,92.7
2017/03/06,94.0,95.3,93.9,94.7
2017/03/07,95.1,95.1,93.3,94.4
2017/03/08,94.8,94.9,92.9,92.9
2017/03/09,92.5,92.7,91.5,92.5
2017/03/10,92.1,94.0,91.6,92.9
2017/03/13,93.2,94.7,93.1,94.1
2017/03/14,94.8,96.7,94.1,95.6
2017/03/15,96.3,97.7,95.6,96.1
2017/03/16,96.5,97.6,95.5,95.5
2017/03/17,95.6,96.5,95.1,95.6
2017/03/20,96.3,96.3,95.2,95.2
2017/03/21,95.6,98.4,95.6,96.0
2017/03/22,96.8,97.2,95.5,95.7
2017/03/23,96.0,96.4,94.5,94.7
2017/03/24,95.2,95.3,93.1,93.7
2017/03/27,94.0,94.3,92.7,92.7
2017/03/28,93.1,94.0,90.7,92.5
2017/03/29,93.2,93.2,91.5,92.0
2017/03/30,92.5,93.5,92.0,93.5
2017/03/31,93.7,95.2,93.5,93.5
2017/04/05,94.1,94.4,92.9,93.9
2017/04/06,94.0,95.5,94.0,95.2
2017/04/07,95.7,96.1,94.9,95.7
2017/04/10,96.7,101.3,96.1,98.5
2017/04/11,98.7,98.7,93.3,93.3
2017/04/12,95.1,96.4,93.7,94.8
2017/04/13,94.3,95.2,93.3,93.3
2017/04/14,93.3,93.5,90.8,91.6
2017/04/17,91.6,92.4,88.9,90.4
2017/04/18,91.2,91.6,90.9,91.3
2017/04/19,90.7,91.5,90.7,90.9
2017/04/20,90.8,92.5,90.0,90.0
2017/04/21,90.3,90.9,89.3,89.3
2017/04/24,89.3,89.9,88.7,89.1
2017/04/25,89.1,90.3,89.1,89.3
2017/04/26,90.3,94.9,90.0,92.4
2017/04/27,93.2,94.3,92.9,93.7
2017/04/28,94.5,94.8,92.4,93.2
2017/05/02,93.5,96.7,92.7,95.3
2017/05/03,95.1,97.7,95.1,96.3
2017/05/04,96.3,96.3,94.7,94.7
2017/05/05,94.1,94.7,92.1,92.1
2017/05/08,91.1,91.9,88.7,90.0
2017/05/09,89.3,91.3,89.1,89.9
2017/05/10,89.7,91.3,89.6,90.5
2017/05/11,90.5,90.5,89.3,89.7
2017/05/12,90.3,90.7,89.5,89.5
2017/05/15,90.4,91.9,90.1,90.8
2017/05/16,90.8,94.5,90.7,93.2
2017/05/17,93.5,93.6,91.5,91.6
2017/05/18,90.5,92.9,90.5,92.0
2017/05/19,92.8,95.5,92.3,93.7
2017/05/22,94.0,95.9,94.0,95.7
2017/05/23,96.3,96.9,94.1,94.5
2017/05/24,95.2,101.3,94.9,98.5
2017/05/25,98.5,99.5,95.3,96.4
2017/05/26,96.8,97.9,95.9,96.7
2017/05/31,97.3,99.3,96.3,96.4
2017/06/01,96.7,97.1,95.2,95.5
2017/06/02,95.7,96.8,95.3,95.5
2017/06/05,98.4,100.7,98.4,99.9
2017/06/06,100.7,101.9,99.7,100.4
2017/06/07,101.3,102.5,99.9,102.5
2017/06/08,103.3,105.6,103.1,104.0
2017/06/09,104.9,106.0,102.8,103.6
2017/06/12,103.3,107.3,103.3,106.7
2017/06/13,108.0,111.9,108.0,108.4
2017/06/14,109.7,110.9,105.6,109.3
2017/06/15,110.0,110.9,107.6,109.7
2017/06/16,110.7,110.7,108.1,108.5
2017/06/19,109.2,109.2,106.8,107.3
2017/06/20,108.3,111.5,107.5,110.5
2017/06/21,110.4,111.1,108.5,109.3
2017/06/22,110.0,112.0,108.5,110.3
2017/06/23,109.9,111.3,109.5,109.6
2017/06/26,109.6,109.6,107.2,107.5
2017/06/27,107.6,108.3,106.4,106.7
2017/06/28,106.1,106.3,103.7,103.9
2017/06/29,104.7,105.2,100.7,100.7
2017/06/30,100.1,103.9,99.1,103.9
2017/07/03,103.6,104.9,102.3,102.8
2017/07/04,102.8,103.3,102.0,102.0
2017/07/05,102.5,102.5,100.0,101.3
2017/07/06,101.3,102.4,100.7,101.3
2017/07/07,101.1,104.3,100.7,102.1
2017/07/10,102.1,103.3,101.1,101.3
2017/07/11,101.6,102.7,100.7,100.7
2017/07/12,100.9,102.5,100.4,100.7
2017/07/13,95.1,96.8,95.1,96.0
2017/07/14,96.7,101.6,96.0,100.7
2017/07/17,101.1,103.3,99.7,101.6
2017/07/18,101.6,102.4,100.8,101.1
2017/07/19,101.9,103.7,101.1,101.9
2017/07/20,102.7,107.3,102.1,104.5
2017/07/21,105.3,106.4,104.5,105.3
2017/07/24,105.5,107.3,103.5,103.9
2017/07/25,104.8,106.3,103.9,104.5
2017/07/26,104.5,104.7,101.9,102.1
2017/07/27,102.0,103.2,101.3,101.3
2017/07/28,101.6,103.7,101.3,101.3
2017/07/31,102.0,102.0,98.8,99.7
2017/08/01,100.0,101.3,100.0,100.9
2017/08/02,101.5,104.5,101.3,103.6
2017/08/03,105.1,106.0,104.7,104.7
2017/08/04,106.0,106.0,104.1,104.9
2017/08/07,105.3,106.7,104.3,105.7
2017/08/08,105.3,105.5,102.7,103.5
2017/08/09,101.3,101.6,98.7,99.1
2017/08/10,99.1,100.5,94.9,95.9
2017/08/11,95.6,98.1,94.8,95.9
2017/08/14,96.4,96.9,86.9,87.3
2017/08/15,89.3,90.7,88.5,89.3
2017/08/16,89.9,90.0,88.9,89.3
2017/08/17,89.7,90.4,88.7,89.5
2017/08/18,88.7,88.7,84.0,86.7
2017/08/21,87.3,90.1,84.7,89.6
2017/08/22,89.6,89.6,87.3,87.5
2017/08/23,88.4,88.5,85.3,86.1
2017/08/24,86.0,88.3,85.6,87.6
2017/08/25,88.4,88.9,87.5,87.6
2017/08/28,87.6,87.6,86.1,86.3
2017/08/29,86.0,86.0,84.4,84.8
2017/08/30,85.1,86.5,84.8,84.8
2017/08/31,85.2,87.6,84.9,86.8
2017/09/01,87.6,87.6,85.5,86.0
2017/09/04,86.3,86.8,85.5,85.5
2017/09/05,86.4,87.2,86.0,86.7
2017/09/06,86.7,86.7,84.9,85.1
2017/09/07,85.6,86.1,84.4,84.4
2017/09/08,84.5,85.7,84.5,84.7
2017/09/11,86.3,87.5,84.8,86.7
2017/09/12,87.2,92.9,86.3,92.0
2017/09/13,92.4,93.3,90.0,90.0
2017/09/14,90.0,90.5,88.1,88.7
2017/09/15,89.9,91.2,88.7,88.7
2017/09/18,90.0,90.0,87.2,89.2
2017/09/19,90.0,91.5,88.0,88.0
2017/09/20,88.4,90.0,87.7,89.1
2017/09/21,89.7,94.5,89.7,93.2
2017/09/22,95.5,102.4,93.9,102.4
2017/09/25,106.0,108.1,102.9,102.9
2017/09/26,103.6,105.1,95.9,96.0
2017/09/27,99.3,105.5,98.3,102.7
2017/09/28,103.3,104.0,99.6,100.3
2017/09/29,96.1,98.0,92.3,94.9
2017/10/02,98.0,104.9,98.0,102.7
2017/10/03,102.0,103.7,100.5,103.7
2017/10/05,105.1,107.6,102.5,102.5
2017/10/06,102.5,104.5,101.9,102.0
2017/10/11,103.3,104.3,98.0,98.5
2017/10/12,99.3,103.3,99.3,101.9
2017/10/13,101.3,102.5,100.3,100.7
2017/10/16,101.2,103.7,99.3,102.0
2017/10/17,102.0,103.7,99.7,101.2
2017/10/18,102.1,111.1,102.0,110.0
2017/10/19,112.5,114.9,109.6,109.6
2017/10/20,110.4,111.7,107.7,108.5
2017/10/23,111.2,117.1,110.0,114.9
2017/10/24,115.5,116.7,113.6,114.0
2017/10/25,114.0,115.7,110.0,110.0
2017/10/26,111.3,113.7,110.9,110.9
2017/10/27,112.4,118.7,110.0,111.3
2017/10/30,113.2,115.7,110.4,113.7
2017/10/31,113.3,114.4,112.0,113.9
2017/11/01,115.7,119.3,113.3,113.3
2017/11/02,112.3,113.9,110.7,111.3
2017/11/03,111.7,111.7,106.5,107.9
2017/11/06,108.9,109.7,106.8,107.1
2017/11/07,107.6,108.4,102.9,104.0
2017/11/08,103.9,106.8,101.7,106.7
2017/11/09,105.2,106.8,102.7,102.7
2017/11/10,102.8,103.7,100.1,102.0
2017/11/13,100.3,102.0,98.0,98.1
2017/11/14,99.5,100.3,96.5,97.6
2017/11/15,97.5,97.6,96.0,96.8
2017/11/16,96.3,102.3,96.1,101.6
2017/11/17,103.7,104.3,100.3,100.3
2017/11/20,100.3,101.3,98.9,100.5
2017/11/21,101.1,102.4,100.9,101.3
2017/11/22,102.4,103.6,100.3,102.0
2017/11/23,103.3,103.3,101.2,101.2
2017/11/24,101.3,102.3,100.1,101.2
2017/11/27,101.9,102.4,100.0,100.0
2017/11/28,100.4,101.3,97.7,100.4
2017/11/29,101.1,101.6,100.1,101.6
2017/11/30,101.6,102.3,99.1,99.6
2017/12/01,99.9,100.7,94.8,98.0
2017/12/04,98.0,99.2,96.7,98.8
2017/12/05,99.5,101.2,99.2,99.9
2017/12/06,97.7,100.9,97.7,99.7
2017/12/07,100.3,100.4,97.5,98.3
2017/12/08,98.0,100.9,97.6,100.7
2017/12/11,101.9,106.4,101.7,105.2
2017/12/12,104.8,104.8,102.0,102.0
2017/12/13,101.7,103.3,101.7,102.5
2017/12/14,103.2,105.7,103.2,103.5
2017/12/15,103.5,103.5,100.3,100.7
2017/12/18,101.5,101.7,100.0,100.0
2017/12/19,101.7,104.3,99.7,99.7
2017/12/20,100.1,101.2,99.6,100.7
2017/12/21,100.4,100.9,99.5,99.5
2017/12/22,99.9,100.9,98.9,100.4
2017/12/25,101.2,103.1,100.3,100.3
2017/12/26,100.7,101.3,98.7,98.7
2017/12/27,98.7,99.9,98.7,99.2
2017/12/28,101.3,102.5,100.7,101.5
2017/12/29,102.0,102.1,100.7,101.1
2018/01/02,101.2,103.1,101.1,102.3
2018/01/03,103.1,105.2,102.4,103.5
2018/01/04,104.8,104.8,102.9,103.2
2018/01/05,103.7,106.0,103.6,104.7
2018/01/08,106.5,107.7,105.3,105.3
2018/01/09,106.5,106.7,102.4,102.5
2018/01/10,102.5,103.3,101.3,101.6
2018/01/11,101.6,102.1,100.7,101.3
2018/01/12,101.9,102.9,101.7,101.7
2018/01/16,104.3,108.7,103.5,108.3
2018/01/17,109.3,111.1,106.0,106.3
2018/01/18,107.1,107.6,105.7,105.9
2018/01/19,106.4,106.8,104.1,104.1
2018/01/22,105.1,106.7,104.5,106.7
2018/01/23,106.8,107.7,104.7,104.7
2018/01/24,106.0,106.0,104.4,104.7
2018/01/25,105.3,107.2,104.7,104.7
2018/01/26,105.7,105.9,104.3,104.7
2018/01/29,106.0,106.4,104.7,104.8
2018/01/30,104.7,105.7,102.8,104.5
2018/01/31,104.1,107.7,102.8,107.1
2018/02/01,108.5,109.3,106.5,106.5
2018/02/02,106.5,107.2,105.5,105.6
2018/02/05,102.9,104.1,102.7,104.0
2018/02/06,101.3,101.6,93.9,96.1
2018/02/07,99.9,99.9,97.6,98.7
2018/02/08,98.7,99.3,96.7,98.4
2018/02/09,92.1,100.1,92.1,100.1
2018/02/12,100.1,100.5,99.3,99.9
2018/02/21,100.0,102.8,100.0,102.8
2018/02/22,102.7,103.3,101.9,103.3
2018/02/23,103.9,105.9,103.5,103.6
2018/02/26,104.4,104.8,102.8,103.6
2018/02/27,105.3,107.3,104.0,104.0
2018/03/01,104.1,104.8,103.5,104.1
2018/03/02,103.5,104.4,103.5,103.6
2018/03/05,103.6,104.3,99.5,99.7
2018/03/06,101.3,102.9,98.8,99.1
2018/03/07,98.7,99.1,96.1,96.7
2018/03/08,96.3,98.8,96.3,96.9
2018/03/09,97.1,97.7,95.5,96.0
2018/03/12,96.8,97.2,94.3,94.5
2018/03/13,95.1,95.9,94.4,94.9
2018/03/14,95.3,96.0,94.7,95.1
2018/03/15,95.1,95.6,94.5,95.3
2018/03/16,96.0,96.0,95.1,95.3
2018/03/19,95.3,98.7,95.3,97.1
2018/03/20,96.7,96.7,95.2,96.1
2018/03/21,96.1,96.5,95.1,95.2
2018/03/22,95.9,96.3,93.2,93.3
2018/03/23,90.8,91.7,89.5,90.9
2018/03/26,89.9,92.0,89.9,91.6
2018/03/27,92.8,93.1,91.7,92.1
2018/03/28,92.0,92.0,90.1,90.3
2018/03/29,89.7,90.3,88.8,90.0
2018/03/30,91.2,91.7,90.5,90.5
2018/04/02,91.9,95.7,91.9,94.9
2018/04/03,93.6,96.1,92.7,95.5
2018/04/09,95.1,96.0,93.5,93.5
2018/04/10,93.9,95.2,93.3,93.3
2018/04/11,94.4,95.3,93.9,93.9
2018/04/12,94.3,94.7,94.0,94.1
2018/04/13,94.4,94.9,93.6,93.7
2018/04/16,94.7,94.7,92.8,93.3
2018/04/17,93.3,93.7,91.3,91.3
2018/04/18,91.6,92.8,90.7,90.8
2018/04/19,90.8,92.0,90.7,90.7
2018/04/20,90.0,93.3,90.0,92.3
2018/04/23,95.3,95.3,90.7,90.7
2018/04/24,90.9,90.9,86.4,87.7
2018/04/25,87.5,87.7,84.9,85.3
2018/04/26,86.5,86.5,79.2,80.7
2018/04/27,80.9,82.0,79.6,81.6
2018/04/30,82.0,82.9,80.9,80.9
2018/05/02,81.2,81.9,80.3,80.9
2018/05/03,81.2,81.6,80.3,80.7
2018/05/04,80.8,81.3,80.3,80.7
2018/05/07,78.9,81.1,77.1,80.3
2018/05/08,80.7,82.8,80.5,80.8
2018/05/09,81.1,82.9,81.1,82.0
2018/05/10,82.7,84.7,82.7,84.3
2018/05/11,84.8,87.3,84.7,87.2
2018/05/14,87.7,89.5,86.3,86.4
2018/05/15,86.4,87.3,85.5,85.5
2018/05/16,84.8,86.4,84.4,84.4
2018/05/17,85.2,86.0,84.7,85.5
2018/05/18,86.7,86.7,84.8,84.9
2018/05/21,84.4,87.2,84.0,86.0
2018/05/22,86.0,86.0,84.7,85.6
2018/05/23,86.3,86.3,84.8,85.1
2018/05/24,85.3,85.5,84.1,84.7
2018/05/25,85.3,85.3,84.3,84.5
2018/05/28,84.8,85.7,84.8,85.1
2018/05/29,85.1,88.0,85.1,86.1
2018/05/30,85.3,85.9,84.8,85.2
2018/05/31,86.0,86.0,84.7,84.7
2018/06/01,84.8,86.3,84.8,85.7
2018/06/04,86.5,86.7,85.6,85.6
2018/06/05,85.7,86.5,84.9,85.6
2018/06/06,86.0,86.4,85.5,85.5
2018/06/07,86.3,87.7,86.3,87.1
2018/06/08,88.7,89.3,87.2,87.3
2018/06/11,86.1,90.7,85.5,88.4
2018/06/12,88.4,90.0,88.0,88.9
2018/06/13,89.3,89.9,88.0,88.1
2018/06/14,88.1,88.7,86.7,86.8
2018/06/15,87.3,87.3,86.4,86.5
2018/06/19,86.7,86.8,85.5,86.4
2018/06/20,85.6,86.1,84.7,85.7
2018/06/21,86.3,86.7,84.7,84.7
2018/06/22,84.7,84.7,83.3,83.3
2018/06/25,83.3,84.1,82.8,83.7
2018/06/26,83.6,86.1,83.6,84.1
2018/06/27,84.9,85.7,83.7,84.1
2018/06/28,84.1,84.1,82.7,82.7
2018/06/29,82.7,84.1,82.4,83.1
2018/07/02,84.0,84.4,83.2,83.2
2018/07/03,84.0,84.0,82.4,82.4
2018/07/04,83.6,83.7,82.1,82.4
2018/07/05,82.8,83.5,80.8,80.8
2018/07/06,81.3,82.3,80.7,82.0
2018/07/09,81.3,84.5,81.3,82.7
2018/07/10,84.0,84.5,82.9,83.6
2018/07/11,83.6,83.6,82.1,82.1
2018/07/12,82.1,84.0,82.1,84.0
2018/07/13,84.5,85.7,84.1,85.1
2018/07/16,84.8,85.9,84.8,85.2
2018/07/17,84.8,85.6,83.9,84.0
2018/07/18,84.0,84.1,83.5,83.6
2018/07/19,84.0,84.0,83.3,83.7
2018/07/20,83.5,84.3,83.3,83.3
2018/07/23,83.5,84.4,80.7,81.9
2018/07/24,83.3,83.3,81.5,81.7
2018/07/25,82.3,82.8,82.3,82.7
2018/07/26,82.7,83.1,82.3,82.7
2018/07/27,80.0,80.8,80.0,80.1
2018/07/30,80.4,80.8,80.1,80.1
2018/07/31,80.3,80.5,80.1,80.1
2018/08/01,81.2,81.5,80.8,81.5
2018/08/02,81.2,81.2,80.4,80.7
2018/08/03,80.5,81.5,80.3,81.5
2018/08/06,81.5,81.5,80.3,80.8
2018/08/07,80.8,81.9,80.7,81.7
2018/08/08,81.5,82.3,81.5,82.1
2018/08/09,81.9,82.1,80.7,82.0
2018/08/10,82.0,82.0,80.0,80.0
2018/08/13,79.2,79.2,75.6,76.3
2018/08/14,76.3,76.8,75.2,75.5
2018/08/15,75.1,75.5,69.9,69.9
2018/08/16,69.9,70.1,67.2,69.1
2018/08/17,69.7,72.0,69.7,71.3
2018/08/20,70.7,72.7,70.7,72.0
2018/08/21,71.5,72.9,71.5,72.9
2018/08/22,73.7,75.3,73.5,75.2
2018/08/23,75.2,75.2,74.1,74.8
2018/08/24,74.8,74.8,73.9,74.4
2018/08/27,74.7,75.7,74.7,75.7
2018/08/28,76.4,77.9,76.1,77.6
2018/08/29,77.3,78.7,77.2,78.3
2018/08/30,78.3,78.5,77.3,78.3
2018/08/31,78.3,79.3,78.1,79.1
2018/09/03,79.7,80.0,78.5,78.5
2018/09/04,78.5,78.8,78.4,78.7
2018/09/05,77.5,79.2,77.5,78.9
2018/09/06,78.7,79.1,78.1,78.5
2018/09/07,78.5,79.1,75.7,76.1
2018/09/10,76.8,77.1,73.3,74.0
2018/09/11,73.6,75.2,73.1,73.1
2018/09/12,73.2,74.4,73.2,74.4
2018/09/13,73.5,73.5,69.7,72.1
2018/09/14,72.1,73.3,72.1,73.2
2018/09/17,72.8,73.6,72.8,73.5
2018/09/18,73.2,74.3,72.4,72.5
2018/09/19,73.1,73.9,72.9,72.9
2018/09/20,72.9,73.6,72.8,72.8
2018/09/21,74.0,74.5,73.6,74.5
2018/09/25,74.5,76.0,74.5,76.0
2018/09/26,74.8,76.5,74.8,76.5
2018/09/27,76.0,76.5,74.7,74.8
2018/09/28,75.9,76.0,74.5,74.7
2018/10/01,74.9,75.5,74.9,75.5
2018/10/02,75.6,75.7,73.7,73.9
2018/10/03,74.5,74.5,73.1,73.1
2018/10/04,72.7,72.7,70.7,71.1
2018/10/05,71.3,71.3,66.7,67.2
2018/10/08,67.3,67.3,65.5,66.7
2018/10/09,66.8,66.9,66.0,66.0
2018/10/11,59.4,59.9,59.4,59.4
2018/10/12,54.1,60.7,54.1,58.7
2018/10/15,59.8,61.3,59.7,60.8
2018/10/16,60.1,61.5,60.1,61.1
2018/10/17,62.0,65.1,62.0,64.7
2018/10/18,64.7,65.3,64.7,65.1
2018/10/19,64.8,64.8,62.1,64.7
2018/10/22,64.9,65.8,64.5,64.8
2018/10/23,65.3,65.3,63.5,63.5
2018/10/24,63.6,63.6,63.1,63.6
2018/10/25,60.1,63.3,60.1,60.7
2018/10/26,58.5,61.9,58.5,61.3
2018/10/29,61.9,61.9,60.1,61.1
2018/10/30,60.3,61.9,60.3,61.7
2018/10/31,61.7,64.0,61.7,63.5
2018/11/01,64.4,64.4,63.3,63.9
2018/11/02,64.0,64.7,63.9,64.7
2018/11/05,65.3,65.6,64.7,65.5
2018/11/06,65.6,65.6,65.0,65.6
2018/11/07,65.7,66.0,65.3,66.0
2018/11/08,66.0,67.9,65.9,67.5
2018/11/09,68.7,68.7,67.5,68.1
2018/11/12,68.7,69.1,67.6,68.3
2018/11/13,68.0,68.0,66.3,67.6
2018/11/14,68.0,68.5,66.9,67.1
2018/11/15,64.8,66.8,64.8,66.3
2018/11/16,66.7,67.1,66.4,66.9
2018/11/19,68.3,69.3,68.0,69.3
2018/11/20,69.3,70.4,68.8,69.9
2018/11/21,68.8,70.0,68.0,70.0
2018/11/22,71.1,71.3,69.3,69.3
2018/11/23,70.4,70.4,67.5,67.5
2018/11/26,69.3,69.3,67.5,68.1
2018/11/27,67.7,69.3,67.7,68.5
2018/11/28,68.5,69.7,68.5,68.9
2018/11/29,70.4,70.4,69.3,70.1
2018/11/30,70.4,70.5,68.9,69.3
2018/12/03,70.0,70.7,70.0,70.3
2018/12/04,70.7,72.9,70.0,72.3
2018/12/05,71.3,74.4,70.7,73.3
2018/12/06,74.3,74.3,70.1,71.2
2018/12/07,73.2,73.2,71.2,71.9
2018/12/10,69.6,71.3,69.6,70.7
2018/12/11,70.7,71.3,69.2,70.7
2018/12/12,71.7,71.7,70.3,71.3
2018/12/13,72.0,72.3,70.3,71.3
2018/12/14,70.5,71.3,69.7,71.1
2018/12/17,70.3,70.5,68.9,69.2
2018/12/18,68.0,69.1,67.9,67.9
2018/12/19,68.9,68.9,67.9,68.4
2018/12/20,68.4,68.4,67.2,68.0
2018/12/21,67.1,68.0,67.1,68.0
2018/12/24,67.7,67.7,67.1,67.1
2018/12/25,66.3,67.2,65.7,66.1
2018/12/26,66.3,66.7,66.0,66.0
2018/12/27,66.8,68.7,66.0,66.1
2018/12/28,67.1,67.5,66.7,66.8
2019/01/02,68.5,68.5,66.8,66.9
2019/01/03,66.9,67.7,66.9,67.1
2019/01/04,67.5,67.5,66.3,66.3
2019/01/07,68.3,68.3,66.4,67.1
2019/01/08,67.1,67.5,66.4,67.3
2019/01/09,68.3,68.4,67.5,67.9
2019/01/10,68.4,69.7,68.0,68.8
2019/01/11,69.3,70.1,69.1,69.3
2019/01/14,69.5,71.2,69.5,70.4
2019/01/15,70.8,72.7,70.8,72.3
2019/01/16,72.9,75.2,72.7,74.4
2019/01/17,74.7,75.6,72.7,72.9
2019/01/18,74.7,74.7,73.3,74.5
2019/01/21,76.0,76.1,74.9,74.9
2019/01/22,74.8,74.8,73.3,73.3
2019/01/23,73.2,73.7,72.4,73.7
2019/01/24,73.7,74.3,73.6,74.0
2019/01/25,72.9,74.4,72.9,73.1
2019/01/28,73.5,73.5,71.9,72.0
2019/01/29,72.3,73.9,72.1,73.3
2019/01/30,72.7,74.1,72.7,73.1
2019/02/11,73.9,76.9,73.6,76.7
2019/02/12,77.3,77.9,76.7,76.8
2019/02/13,77.3,78.3,77.3,78.1
2019/02/14,78.3,80.7,78.3,80.0
2019/02/15,80.0,80.3,79.3,79.9
2019/02/18,80.7,82.0,80.0,82.0
2019/02/19,82.0,83.2,80.1,80.1
2019/02/20,80.7,82.7,80.7,82.5
2019/02/21,82.5,84.0,81.5,83.1
2019/02/22,83.1,83.3,82.1,82.4
2019/02/25,82.4,83.3,82.1,82.1
2019/02/26,82.3,82.8,81.9,82.3
2019/02/27,82.3,83.6,82.3,83.5
2019/03/04,85.3,91.7,84.7,90.4
2019/03/05,90.4,91.3,89.2,90.4
2019/03/06,90.4,91.3,88.8,88.9
2019/03/07,88.3,90.0,87.9,88.1
2019/03/08,88.0,89.1,86.7,88.1
2019/03/11,87.5,88.7,87.3,87.9
2019/03/12,89.1,89.6,87.7,88.5
2019/03/13,89.7,89.7,87.9,88.7
2019/03/14,89.1,89.2,88.3,88.9
2019/03/15,88.9,89.6,88.3,88.3
2019/03/18,89.3,89.3,87.6,88.5
2019/03/19,88.9,88.9,87.9,87.9
2019/03/20,87.9,90.0,87.3,89.1
2019/03/21,89.7,89.9,88.4,88.5
2019/03/22,89.5,89.5,88.0,88.0
2019/03/25,88.0,88.0,86.3,86.3
2019/03/26,86.7,88.4,86.5,87.5
2019/03/27,88.0,88.1,85.6,87.5
2019/03/28,87.3,87.3,86.1,86.4
2019/03/29,86.3,87.2,86.3,86.9
2019/04/01,87.7,87.9,86.8,86.9
2019/04/02,87.7,87.7,87.1,87.2
2019/04/03,87.5,88.3,87.3,87.9
2019/04/08,88.3,89.1,88.1,88.3
2019/04/09,88.3,88.3,87.3,88.0
2019/04/10,88.0,89.7,88.0,88.9
2019/04/11,90.7,92.4,90.4,90.9
2019/04/12,92.3,92.3,88.3,89.7
2019/04/15,90.4,90.4,88.7,88.7
2019/04/16,89.3,89.6,88.7,89.2
2019/04/17,89.2,89.3,88.7,88.8
2019/04/18,89.2,89.2,87.5,87.6
2019/04/19,87.6,88.5,87.3,87.9
2019/04/22,88.7,88.7,87.5,88.3
2019/04/23,88.3,88.3,87.5,87.5
2019/04/24,88.3,88.3,87.5,87.5
2019/04/25,87.5,88.0,86.8,87.3
2019/04/26,87.3,87.3,86.3,86.4
2019/04/29,86.3,86.9,85.3,85.5
2019/04/30,85.1,85.1,84.3,84.5
2019/05/02,84.5,86.9,84.5,86.7
2019/05/03,86.7,86.7,85.9,86.1
2019/05/06,86.0,86.0,83.1,83.6
2019/05/07,83.6,84.0,83.5,83.5
2019/05/08,82.0,83.1,82.0,82.3
2019/05/09,82.3,83.3,80.1,80.9
2019/05/10,80.0,82.1,80.0,81.5
2019/05/13,81.7,81.7,79.3,79.5
2019/05/14,77.3,79.2,76.5,79.2
2019/05/15,79.2,80.4,78.7,78.7
2019/05/16,79.7,79.7,78.0,78.1
2019/05/17,78.7,78.7,77.9,77.9
2019/05/20,77.9,77.9,76.3,76.5
2019/05/21,76.1,77.2,75.3,76.8
2019/05/22,76.8,77.7,76.8,77.3
2019/05/23,77.3,77.3,76.3,76.3
2019/05/24,76.3,77.1,75.9,76.3
2019/05/27,76.3,76.4,75.7,76.4
2019/05/28,76.7,77.3,76.7,77.2
2019/05/29,76.5,77.9,76.1,76.9
2019/05/30,77.5,78.0,77.5,77.7
2019/05/31,77.7,78.9,77.7,78.4
2019/06/03,77.7,77.7,76.8,77.6
2019/06/04,77.7,77.7,77.2,77.6
2019/06/05,78.0,78.4,77.6,77.9
2019/06/06,77.9,79.3,77.7,78.7
2019/06/10,78.7,79.1,78.1,78.9
2019/06/11,78.4,79.1,78.1,78.4
2019/06/12,78.4,78.7,78.0,78.4
2019/06/13,78.5,79.5,78.4,78.9
2019/06/14,79.5,79.5,79.1,79.2
2019/06/17,79.2,79.2,78.3,78.3
2019/06/18,78.0,78.0,77.3,78.0
2019/06/19,78.0,79.2,78.0,79.2
2019/06/20,79.2,80.0,79.2,79.9
2019/06/21,80.5,81.1,80.3,80.4
2019/06/24,81.6,81.6,80.4,81.3
2019/06/25,81.1,81.2,80.3,80.3
2019/06/26,80.0,80.8,79.3,80.8
2019/06/27,80.9,81.7,80.7,81.3
2019/06/28,81.1,81.2,80.9,81.1
2019/07/01,82.0,82.1,81.2,82.0
2019/07/02,82.3,83.1,81.7,82.5
2019/07/03,82.8,82.9,82.3,82.5
2019/07/04,82.4,82.9,82.1,82.5
2019/07/05,82.9,83.2,82.7,82.7
2019/07/08,82.7,83.2,82.5,83.2
2019/07/09,83.2,83.2,82.7,82.8
2019/07/10,82.8,83.5,82.8,83.5
2019/07/11,83.5,86.7,83.5,85.9
2019/07/12,86.4,86.7,85.1,85.3
2019/07/15,85.7,86.5,85.2,86.3
2019/07/16,86.4,88.3,86.4,87.5
2019/07/17,87.7,87.7,86.4,87.2
2019/07/18,87.5,87.7,86.0,86.1
2019/07/19,86.5,86.7,86.0,86.5
2019/07/22,80.0,80.0,78.4,78.7
2019/07/23,78.7,79.2,78.0,78.0
2019/07/24,78.0,78.0,76.3,76.4
2019/07/25,76.1,77.9,76.1,77.3
2019/07/26,77.5,77.9,77.3,77.3
2019/07/29,78.0,78.0,77.6,77.9
2019/07/30,78.0,78.3,76.5,76.8
2019/07/31,77.1,77.2,76.5,76.8
2019/08/01,76.8,77.7,76.5,76.9
2019/08/02,76.5,76.5,75.6,76.0
2019/08/05,75.3,75.6,73.6,73.6
2019/08/06,71.7,73.3,70.7,73.3
2019/08/07,74.4,74.4,73.3,73.3
2019/08/08,73.3,74.7,73.3,74.0
2019/08/12,74.9,78.4,74.9,77.6
2019/08/13,77.6,78.7,76.9,78.3
2019/08/14,78.4,79.9,78.4,79.1
2019/08/15,78.9,79.3,78.0,79.3
2019/08/16,79.9,79.9,78.7,79.1
2019/08/19,79.7,81.1,79.6,80.8
2019/08/20,81.3,82.7,81.1,82.0
2019/08/21,82.7,82.7,81.5,82.1
2019/08/22,82.3,82.7,81.1,82.5
2019/08/23,82.7,82.7,81.9,82.0
2019/08/26,80.8,81.9,80.8,81.6
2019/08/27,82.5,82.7,80.7,81.3
2019/08/28,81.3,82.5,80.9,81.9
2019/08/29,81.9,82.4,81.3,82.3
2019/08/30,82.7,86.3,82.7,84.5
2019/09/02,86.4,86.4,84.4,84.5
2019/09/03,85.6,85.6,84.0,84.3
2019/09/04,84.3,85.3,84.3,85.2
2019/09/05,85.3,85.3,84.4,84.5
2019/09/06,84.7,86.0,84.1,85.3
2019/09/09,86.7,87.2,84.3,84.5
2019/09/10,86.0,86.3,84.4,86.1
2019/09/11,86.7,86.7,85.6,86.3
2019/09/12,86.5,89.6,86.1,88.0
2019/09/16,88.0,89.3,87.5,87.5
2019/09/17,87.6,88.7,87.6,87.9
2019/09/18,88.7,88.7,86.9,87.2
2019/09/19,87.3,88.8,86.4,88.5
2019/09/20,88.5,89.3,86.7,87.5
2019/09/23,87.7,87.7,86.5,87.3
2019/09/24,87.3,87.5,85.7,86.5
2019/09/25,86.5,86.5,85.2,85.9
2019/09/26,85.9,86.0,85.6,85.6
2019/09/27,85.6,85.9,83.5,83.9
2019/10/01,83.9,86.3,83.3,85.9
2019/10/02,85.9,88.1,85.9,87.9
2019/10/03,87.5,89.2,87.3,88.8
2019/10/04,89.5,97.3,89.3,93.9
2019/10/07,95.9,97.7,93.5,94.0
2019/10/08,94.0,96.7,94.0,95.3
2019/10/09,95.2,95.3,94.0,94.1
2019/10/14,94.9,96.1,94.7,95.6
2019/10/15,97.1,99.7,95.3,96.7
2019/10/16,97.1,99.2,96.7,98.5
2019/10/17,99.6,106.4,98.7,103.5
2019/10/18,102.8,104.4,102.0,102.8
2019/10/21,104.8,106.4,102.9,106.0
2019/10/22,106.7,107.6,104.0,106.0
2019/10/23,106.5,106.5,104.1,104.3
2019/10/24,105.5,105.5,103.2,103.6
2019/10/25,104.0,105.2,102.4,104.5
2019/10/28,105.3,106.4,103.1,103.3
2019/10/29,103.9,103.9,98.1,100.0
2019/10/30,101.3,102.9,100.4,102.3
2019/10/31,102.3,103.1,99.7,100.3
2019/11/01,100.5,103.6,100.3,102.8
2019/11/04,103.5,103.9,102.3,102.5
2019/11/05,103.1,103.1,101.6,101.6
2019/11/06,101.6,105.5,101.1,105.1
2019/11/07,107.3,107.9,102.0,103.3
2019/11/08,103.1,104.9,102.8,104.3
2019/11/11,102.9,103.3,96.5,98.8
2019/11/12,98.9,100.7,97.1,99.2
2019/11/13,98.7,100.5,97.6,97.6
2019/11/14,97.6,98.0,93.6,95.2
2019/11/15,95.9,97.7,95.9,96.7
2019/11/18,97.3,98.5,96.9,97.9
2019/11/19,97.9,100.5,97.9,98.3
2019/11/20,99.3,99.3,96.1,96.5
2019/11/21,97.1,97.7,95.7,97.6
2019/11/22,98.4,100.3,97.3,97.3
2019/11/25,97.3,98.3,96.7,97.3
2019/11/26,97.3,98.4,96.5,98.1
2019/11/27,98.1,99.1,97.5,97.7
2019/11/28,97.9,99.2,97.3,98.9
2019/11/29,99.7,103.5,99.7,101.2
2019/12/02,102.0,102.8,98.1,99.3
2019/12/03,99.3,104.5,99.3,103.9
2019/12/04,103.6,103.9,101.7,103.5
2019/12/05,104.0,104.3,102.5,102.7
2019/12/06,103.3,104.4,100.5,101.1
2019/12/09,102.8,104.3,101.5,101.5
2019/12/10,101.9,103.3,101.1,102.0
2019/12/11,102.0,104.8,102.0,104.8
2019/12/12,105.6,105.9,103.1,104.0
2019/12/13,104.0,104.5,102.0,102.7
2019/12/16,102.9,102.9,101.6,102.1
2019/12/17,102.8,102.8,101.6,101.9
2019/12/18,101.6,102.3,100.9,101.3
2019/12/19,101.3,102.0,100.8,101.9
2019/12/20,102.0,103.5,102.0,102.1
2019/12/23,102.1,102.3,100.3,100.3
2019/12/24,100.3,100.4,99.5,99.5
2019/12/25,99.7,100.8,99.6,100.4
2019/12/26,100.4,100.9,100.1,100.4
2019/12/27,100.3,101.7,100.3,101.2
2019/12/30,101.9,105.3,101.9,104.5
2019/12/31,104.5,110.3,103.7,107.6
2020/01/02,108.0,111.9,106.8,111.3
2020/01/03,111.2,112.3,108.0,109.2
2020/01/06,109.1,109.1,105.3,105.3
2020/01/07,106.3,107.5,104.3,106.3
2020/01/08,106.3,107.7,104.5,104.9
2020/01/09,105.9,107.1,104.0,104.8
2020/01/10,105.5,108.5,105.5,106.5
2020/01/13,107.3,108.0,106.4,107.9
2020/01/14,108.8,111.2,106.9,109.1
2020/01/15,108.7,108.7,106.9,106.9
2020/01/16,106.7,107.3,106.0,106.3
2020/01/17,107.3,107.3,105.3,105.3
2020/01/20,105.5,106.0,104.7,105.1
2020/01/30,95.2,98.5,94.7,94.7
2020/01/31,94.7,95.7,89.7,93.5
2020/02/03,89.7,89.7,84.7,89.3
2020/02/04,90.3,92.3,89.9,90.8
2020/02/05,91.5,92.4,88.8,89.7
2020/02/06,90.7,95.1,90.1,94.4
2020/02/07,93.1,93.1,90.4,90.4
2020/02/10,88.0,90.4,86.7,90.3
2020/02/11,91.9,95.2,91.6,94.0
2020/02/12,92.8,94.7,92.8,94.5
2020/02/13,94.8,95.7,93.7,93.7
2020/02/14,90.1,92.3,89.7,92.3
2020/02/17,91.3,92.1,90.3,90.9
2020/02/18,90.9,91.5,89.9,90.4
2020/02/19,90.4,91.1,89.9,90.4
2020/02/20,92.0,94.9,91.7,93.6
2020/02/21,96.0,99.7,96.0,99.5
2020/02/24,98.0,99.1,96.9,96.9
2020/02/25,95.9,102.8,95.5,101.2
2020/02/26,101.7,104.4,100.3,101.6
2020/02/27,102.3,103.2,94.1,95.7
2020/03/02,94.7,99.2,93.5,97.6
2020/03/03,101.3,104.0,100.8,102.0
2020/03/04,105.1,105.7,101.7,104.4
2020/03/05,108.7,113.3,106.3,107.6
2020/03/06,107.6,109.6,105.3,107.9
2020/03/09,106.9,108.7,102.0,102.0
2020/03/10,100.0,102.0,96.0,101.1
2020/03/11,102.7,104.5,98.7,99.7
2020/03/12,98.0,98.4,92.9,94.3
2020/03/13,88.4,97.7,86.0,96.5
2020/03/16,97.5,100.3,94.5,95.3
2020/03/17,92.3,98.8,92.1,96.9
2020/03/18,97.9,98.7,94.3,94.7
2020/03/19,94.3,94.7,85.6,87.7
2020/03/20,92.0,95.5,90.9,92.4
2020/03/23,88.8,92.7,87.9,90.1
2020/03/24,93.2,96.8,93.2,96.0
2020/03/25,99.1,100.5,96.1,97.2
2020/03/26,97.3,99.5,95.5,99.1
2020/03/27,101.1,101.2,96.9,96.9
2020/03/30,94.7,101.1,94.7,100.9
2020/03/31,104.0,106.0,101.7,103.3
2020/04/01,104.5,105.2,103.1,104.1
2020/04/06,105.6,106.0,102.9,105.1
2020/04/07,106.7,107.2,104.8,106.0
2020/04/08,105.5,107.1,105.5,105.7
2020/04/09,107.2,109.3,105.1,105.1
2020/04/10,105.7,105.9,103.9,104.3
2020/04/13,105.2,108.7,105.2,106.3
2020/04/14,107.3,108.0,105.6,107.6
2020/04/15,108.8,117.5,108.8,109.5
2020/04/16,109.7,112.5,109.1,112.1
2020/04/17,117.1,117.1,110.4,110.7
2020/04/20,111.7,116.0,110.4,115.7
2020/04/21,118.1,126.4,118.1,124.0
2020/04/22,124.7,125.9,121.3,123.2
2020/04/23,122.7,124.0,119.3,120.7
2020/04/24,120.0,120.8,118.4,119.6
2020/04/27,120.5,121.7,118.8,121.2
2020/04/28,121.2,121.9,119.7,119.7
2020/04/29,119.9,123.9,118.7,123.9
2020/04/30,122.8,124.7,122.0,122.0
2020/05/04,120.0,120.7,118.9,119.3
2020/05/05,120.1,120.9,118.3,119.3
2020/05/06,119.5,125.1,119.3,122.9
2020/05/07,124.9,131.6,124.9,130.0
2020/05/08,134.7,135.3,127.7,127.9
2020/05/11,129.5,130.9,126.9,127.3
2020/05/12,128.7,133.1,128.7,131.1
2020/05/13,133.2,134.7,129.3,132.0
2020/05/14,132.0,133.2,127.1,127.2
2020/05/15,128.7,129.7,124.5,126.1
2020/05/18,125.1,126.7,123.5,125.6
2020/05/19,128.7,132.7,126.4,126.7
2020/05/20,128.1,128.9,125.5,126.1
2020/05/21,126.8,129.3,125.7,128.4
2020/05/22,129.5,130.9,126.7,126.7
2020/05/25,127.3,130.3,125.5,130.1
2020/05/26,131.9,132.5,127.6,128.1
2020/05/27,128.7,131.6,128.5,129.5
2020/05/28,131.3,131.7,127.7,128.9
2020/05/29,128.4,130.4,128.3,129.1
2020/06/01,130.1,138.7,129.7,138.7
2020/06/02,137.3,138.0,132.0,132.3
2020/06/03,133.3,134.7,131.9,132.4
2020/06/04,133.2,133.3,130.8,130.8
2020/06/05,131.3,132.9,130.3,132.1
2020/06/08,133.3,134.7,132.4,133.3
2020/06/09,132.3,133.1,122.3,126.4
2020/06/10,125.5,125.5,122.1,123.5
2020/06/11,123.1,125.1,121.2,121.3
2020/06/12,117.5,120.4,117.3,120.0
2020/06/15,121.3,122.4,120.0,120.0
2020/06/16,121.7,123.3,120.9,122.9
2020/06/17,124.5,124.5,123.1,123.5
2020/06/18,123.3,124.1,122.3,124.0
2020/06/19,124.7,124.8,123.6,123.6
2020/06/22,122.7,123.3,121.3,121.5
2020/06/23,122.1,122.4,120.8,121.7
2020/06/24,122.7,123.3,121.7,122.3
2020/06/29,121.3,121.7,120.3,120.4
2020/06/30,121.3,123.2,120.7,123.1
2020/07/01,124.9,124.9,123.2,123.6
2020/07/02,124.1,124.1,122.1,122.8
2020/07/03,123.7,128.7,123.6,127.2
2020/07/06,127.7,132.1,126.8,130.5
2020/07/07,130.8,131.6,125.5,127.5
2020/07/08,127.2,130.7,126.1,128.7
2020/07/09,126.8,127.9,126.1,126.4
2020/07/10,127.2,127.2,124.1,125.1
2020/07/13,125.7,126.4,124.5,126.4
2020/07/14,127.6,129.5,126.5,126.9
2020/07/15,127.6,128.3,125.1,125.2
2020/07/16,126.4,127.3,125.2,127.2
2020/07/17,127.6,127.9,125.5,125.5
2020/07/20,126.0,126.3,124.7,126.3
2020/07/21,121.2,121.9,119.6,120.4
2020/07/22,120.9,121.5,120.3,120.5
2020/07/23,120.5,120.5,118.1,119.1
2020/07/24,119.1,119.2,114.8,115.2
2020/07/27,115.2,116.1,112.9,113.3
2020/07/28,112.8,112.8,108.4,108.8
2020/07/29,108.8,112.5,108.8,112.5
2020/07/30,113.6,120.1,113.6,119.3
2020/07/31,119.5,121.2,118.5,120.3
2020/08/03,121.3,122.4,120.5,122.4
2020/08/04,123.3,126.1,121.3,121.3
2020/08/05,121.7,123.3,121.6,123.2
2020/08/06,123.3,123.7,121.3,122.0
2020/08/07,122.0,123.3,121.5,122.4
2020/08/10,122.9,124.0,120.7,120.7
2020/08/11,120.4,121.6,116.7,117.7
2020/08/12,118.0,118.9,117.6,118.8
2020/08/13,119.3,121.2,118.5,119.5
2020/08/14,119.5,121.3,118.0,121.2
2020/08/17,121.3,123.6,120.9,121.5
2020/08/18,124.0,124.7,119.3,119.5
2020/08/19,120.7,121.2,117.7,118.1
2020/08/20,118.4,118.4,110.1,113.9
2020/08/21,114.5,115.2,112.8,114.1
2020/08/24,114.3,114.9,113.2,114.9
2020/08/25,115.7,117.6,115.2,116.1
2020/08/26,116.3,117.7,116.1,116.7
2020/08/27,117.3,117.7,115.3,115.6
2020/08/28,115.9,116.0,114.7,114.9
2020/08/31,115.7,117.7,114.9,117.3
2020/09/01,117.1,118.0,116.3,116.4
2020/09/02,117.1,119.3,116.9,118.4
2020/09/03,118.8,119.5,117.3,117.5
2020/09/04,116.3,116.5,115.3,116.1
2020/09/07,116.3,117.1,114.3,114.3
2020/09/08,114.4,116.1,114.3,115.3
2020/09/09,114.7,115.1,113.9,114.7
2020/09/10,115.2,115.5,114.1,114.4
2020/09/11,114.4,115.1,113.3,113.3
2020/09/14,113.6,114.7,113.2,114.5
2020/09/15,114.9,115.3,114.4,114.9
2020/09/16,115.2,115.5,114.5,114.8
2020/09/17,114.9,115.6,114.7,115.3
2020/09/18,115.6,116.4,114.9,116.1
2020/09/21,116.1,116.7,114.9,115.1
2020/09/22,114.9,114.9,113.1,113.3
2020/09/23,113.5,114.0,112.4,112.4
2020/09/24,112.0,112.0,110.4,110.5
2020/09/25,111.7,111.7,108.0,108.4
2020/09/28,108.9,110.0,108.5,110.0
2020/09/29,110.3,110.3,108.8,109.1
2020/09/30,109.2,109.7,108.9,109.3
2020/10/05,109.3,109.6,108.8,109.3
2020/10/06,109.7,111.1,109.7,110.8
2020/10/07,110.8,111.1,110.1,110.7
2020/10/08,111.2,111.3,109.5,109.9
2020/10/12,109.3,109.5,106.4,106.8
2020/10/13,106.9,107.2,105.5,105.9
2020/10/14,105.6,106.9,105.6,106.9
2020/10/15,107.2,107.2,105.9,106.5
2020/10/16,107.3,107.3,105.7,106.0
2020/10/19,106.0,106.5,105.7,106.3
2020/10/20,106.3,106.5,105.6,105.7
2020/10/21,106.0,106.4,105.9,106.3
2020/10/22,106.8,107.3,105.5,107.3
2020/10/23,108.0,108.0,107.2,107.2
2020/10/26,107.2,107.2,105.6,105.7
2020/10/27,105.3,105.3,103.3,103.6
2020/10/28,103.7,104.0,103.2,103.3
2020/10/29,102.7,102.7,101.3,101.7
2020/10/30,102.1,103.7,102.1,102.1
2020/11/02,102.1,102.3,101.3,101.7
2020/11/03,101.9,103.2,101.9,102.9
2020/11/04,103.2,103.7,102.7,103.5
2020/11/05,104.3,104.3,103.7,104.1
2020/11/06,104.3,104.7,103.9,104.1
2020/11/09,104.1,105.7,104.1,105.6
2020/11/10,105.6,107.6,104.8,106.1
2020/11/11,106.3,107.5,106.3,106.4
2020/11/12,106.7,107.5,106.7,106.8
2020/11/13,106.8,107.2,106.1,106.4
2020/11/16,107.6,109.1,107.6,108.5
2020/11/17,108.7,109.6,108.1,108.1
2020/11/18,108.1,109.7,108.1,109.2
2020/11/19,109.5,110.4,109.1,109.9
2020/11/20,110.0,110.4,109.5,109.7
2020/11/23,109.5,109.9,108.7,108.8
2020/11/24,108.5,108.5,107.2,107.6
2020/11/25,107.9,108.7,107.3,107.7
2020/11/26,108.1,110.7,108.0,110.7
2020/11/27,111.2,114.1,111.2,113.6
2020/11/30,113.9,115.3,113.7,113.9
2020/12/01,114.7,115.1,112.9,113.9
2020/12/02,113.9,114.9,112.9,114.0
2020/12/03,114.5,114.5,112.7,112.7
2020/12/04,112.7,112.9,110.3,111.1
2020/12/07,111.5,112.7,110.3,111.2
2020/12/08,111.5,112.4,111.1,112.0
2020/12/09,112.0,112.4,110.8,111.3
2020/12/10,111.6,111.9,109.6,110.5
2020/12/11,110.5,110.5,108.3,108.3
2020/12/14,108.3,109.7,108.1,109.2
2020/12/15,109.5,109.6,107.7,107.7
2020/12/16,108.0,108.3,107.3,107.5
2020/12/17,107.5,107.5,105.9,106.1
2020/12/18,106.3,107.7,106.3,106.5
2020/12/21,106.5,109.2,106.4,109.2
2020/12/22,109.2,109.2,107.2,107.2
2020/12/23,107.2,107.9,107.2,107.7
2020/12/24,108.5,110.3,108.4,108.5
2020/12/25,109.7,109.7,108.5,109.1
2020/12/28,110.1,112.7,109.3,112.0
2020/12/29,112.1,113.3,111.3,111.6
2020/12/30,110.1,110.9,110.1,110.3
2020/12/31,111.1,112.0,110.0,110.8
2021/01/04,110.8,118.0,110.7,116.7
2021/01/05,117.1,120.5,116.9,120.1
2021/01/06,122.3,124.0,117.1,121.1
2021/01/07,120.9,121.3,118.7,120.4
2021/01/08,120.4,122.5,120.0,120.1
2021/01/11,121.1,121.6,120.0,120.5
2021/01/12,121.3,121.3,117.3,117.5
2021/01/13,118.7,119.9,117.5,117.7
2021/01/14,118.9,124.0,118.7,122.7
2021/01/15,122.7,124.4,120.1,121.2
2021/01/18,121.2,121.7,116.3,121.3
2021/01/19,122.5,122.7,120.3,120.3
2021/01/20,121.3,121.3,116.4,116.9
2021/01/21,118.7,121.6,117.9,118.9
2021/01/22,120.3,126.4,120.0,126.0
2021/01/25,135.3,137.3,130.1,131.6
2021/01/26,132.7,132.9,130.7,131.6
2021/01/27,132.4,134.0,131.6,131.7
2021/01/28,131.7,132.9,131.1,131.7
2021/01/29,133.1,133.2,131.9,132.4
2021/02/01,132.7,133.1,131.1,131.3
2021/02/02,132.0,132.3,131.3,131.7
2021/02/03,132.1,132.8,131.7,132.7
2021/02/04,133.1,134.7,132.8,132.8
2021/02/05,133.2,134.0,132.9,133.3
2021/02/17,134.7,137.3,134.0,136.7
2021/02/18,136.7,138.7,136.0,136.7
2021/02/19,137.3,138.0,136.7,138.0
2021/02/22,138.7,140.0,138.0,138.0
2021/02/23,138.0,138.0,136.7,136.7
2021/02/24,136.7,136.7,132.3,134.7
2021/02/25,135.3,136.0,133.3,133.3
2021/02/26,135.3,140.0,134.7,138.7
2021/03/02,140.0,152.0,140.0,152.0
2021/03/03,156.0,158.7,146.0,152.0
2021/03/04,152.7,160.7,151.3,151.3
2021/03/05,157.3,166.0,155.3,166.0
2021/03/08,172.0,172.7,157.3,160.0
2021/03/09,160.0,160.0,152.0,153.3
2021/03/10,156.7,159.3,154.7,156.7
2021/03/11,156.7,162.0,156.0,161.3
2021/03/12,162.7,170.0,162.7,162.7
2021/03/15,163.3,165.3,161.3,163.3
2021/03/16,165.3,174.7,163.3,172.7
2021/03/17,174.0,177.3,168.7,169.3
2021/03/29,168.0,179.0,168.0,168.0
2021/03/30,168.5,172.0,168.5,169.5
2021/03/31,170.0,170.0,166.0,166.5
2021/04/01,167.0,167.5,164.0,164.0
2021/04/06,165.5,171.0,164.5,169.5
2021/04/07,170.0,171.5,168.0,168.5
2021/04/08,169.5,174.5,168.5,170.5
2021/04/09,172.0,172.5,168.0,168.0
2021/04/12,168.5,171.5,167.5,168.0
2021/04/13,168.5,170.0,165.0,165.0
2021/04/14,167.0,167.5,158.0,161.0
2021/04/15,160.5,165.0,160.5,164.5
2021/04/16,164.5,166.5,163.5,164.5
2021/04/19,164.0,164.5,160.0,160.0
2021/04/20,161.0,163.0,160.0,161.5
2021/04/21,160.5,162.5,160.5,162.0
2021/04/22,163.0,163.5,158.0,158.0
2021/04/23,158.0,165.0,158.0,161.0
2021/04/26,162.0,163.0,159.5,161.0
2021/04/27,161.0,161.5,160.0,160.0
2021/04/28,160.0,161.0,159.0,159.0
2021/04/29,160.5,160.5,158.5,158.5
2021/05/03,158.5,158.5,152.0,152.0
2021/05/04,152.5,153.0,142.0,146.0
2021/05/05,144.0,149.5,144.0,145.0
2021/05/06,148.0,148.5,145.0,145.5
2021/05/07,149.0,151.0,147.0,150.0
2021/05/10,150.0,150.0,144.0,144.0
2021/05/11,142.0,142.0,137.5,138.0
2021/05/12,138.0,138.0,124.5,127.5
2021/05/13,122.0,132.0,121.0,130.0
2021/05/14,132.0,138.0,130.5,130.5
2021/05/17,120.5,129.0,118.0,122.0
2021/05/18,126.0,132.5,124.5,131.5
2021/05/19,131.5,134.0,129.0,133.0
2021/05/20,135.5,135.5,131.0,131.0
2021/05/21,132.5,134.0,131.0,131.5
2021/05/24,131.5,132.5,130.0,131.5
2021/05/25,134.0,136.5,133.0,135.0
2021/05/26,136.0,136.0,133.5,135.0
2021/05/27,132.5,136.0,132.5,133.5
2021/05/28,135.5,136.0,134.0,135.0
2021/05/31,136.5,138.0,134.5,136.5
2021/06/01,136.5,144.0,136.5,143.5
2021/06/02,144.5,145.5,138.5,139.5
2021/06/03,139.5,140.5,138.5,139.0
2021/06/04,138.5,139.0,137.5,137.5
2021/06/07,137.5,142.5,136.5,140.5
2021/06/08,140.5,142.0,138.0,139.0
2021/06/09,137.5,138.5,136.5,137.0
2021/06/10,137.0,139.0,136.5,137.5
2021/06/11,137.0,139.0,137.0,137.5
2021/06/15,137.5,138.0,137.0,137.5
2021/06/16,136.5,139.5,136.5,137.0
2021/06/17,137.0,144.5,137.0,143.5
2021/06/18,146.0,149.5,142.0,149.0
2021/06/21,147.0,147.5,144.5,145.0
2021/06/22,150.5,150.5,143.0,143.0
2021/06/23,143.5,154.0,143.5,148.5
2021/06/24,148.5,156.5,146.5,155.0
2021/06/25,158.5,159.0,153.0,153.5
2021/06/28,153.0,155.0,151.0,151.0
2021/06/29,155.0,158.0,151.5,151.5
2021/06/30,154.0,155.0,150.5,152.0
2021/07/01,153.5,153.5,148.0,148.0
2021/07/02,149.5,154.0,149.5,153.5
2021/07/05,156.0,163.0,155.5,160.0
2021/07/06,160.0,162.0,157.0,158.5
2021/07/07,159.0,163.5,158.5,159.5
2021/07/08,160.0,162.5,158.5,159.5
2021/07/09,161.0,170.0,159.0,166.0
2021/07/12,175.0,182.5,171.0,182.5
2021/07/13,181.5,187.0,168.5,173.0
2021/07/14,173.5,179.0,170.0,175.5
2021/07/15,176.5,176.5,171.0,171.0
2021/07/16,169.5,176.0,169.0,175.0
2021/07/19,176.0,176.5,172.0,173.5
2021/07/20,171.0,174.0,166.0,168.5
2021/07/21,172.5,179.0,170.5,173.0
2021/07/22,178.5,188.5,175.0,183.0
2021/07/23,185.0,191.5,183.5,188.0
2021/07/26,196.0,206.5,196.0,206.5
2021/07/27,208.0,208.0,186.5,187.0
2021/07/28,193.0,198.5,176.5,196.5
2021/07/29,198.0,204.0,193.0,196.0
2021/07/30,193.0,207.5,193.0,194.5
2021/08/02,198.0,213.5,196.0,213.5
2021/08/03,214.5,216.0,206.0,216.0
2021/08/04,218.0,227.0,210.0,216.0
2021/08/05,216.0,220.0,211.0,211.0
2021/08/06,211.5,213.5,200.0,200.5
2021/08/09,195.5,200.5,192.0,195.0
2021/08/10,189.0,189.0,174.0,175.5
2021/08/11,176.0,179.5,165.0,165.5
2021/08/12,166.5,173.5,165.5,170.0
2021/08/13,168.5,169.5,161.5,163.0
2021/08/16,160.5,166.5,158.0,163.5
2021/08/17,165.5,172.0,160.0,160.0
2021/08/18,159.0,171.0,151.0,170.5
2021/08/19,167.0,169.0,160.0,161.5
2021/08/20,162.5,167.0,160.0,165.0
2021/08/23,169.0,181.5,167.5,181.5
2021/08/24,185.0,190.0,182.0,184.5
2021/08/25,185.0,188.5,179.0,182.0
2021/08/26,183.0,190.0,181.0,190.0
2021/08/27,189.0,194.5,186.5,187.0
2021/08/30,188.5,192.5,186.0,188.0
2021/08/31,187.0,192.0,186.5,188.0
2021/09/01,189.0,196.0,188.5,195.5
2021/09/02,195.5,196.5,185.0,185.5
2021/09/03,189.5,190.5,182.0,189.5
2021/09/06,184.5,187.0,175.5,175.5
2021/09/07,175.5,181.0,168.0,178.5
2021/09/08,175.5,175.5,168.0,169.0
2021/09/09,165.0,172.0,165.0,171.5
2021/09/10,170.0,170.5,163.0,168.5
2021/09/13,169.0,172.0,164.5,164.5
2021/09/14,164.5,168.5,163.5,164.5
2021/09/15,164.0,165.0,159.0,160.5
2021/09/16,161.0,162.5,158.5,159.5
2021/09/17,159.5,162.0,157.5,162.0
2021/09/22,157.0,158.0,153.5,154.5
2021/09/23,156.5,160.0,156.5,159.0
2021/09/24,161.0,165.0,159.5,163.5
2021/09/27,164.0,165.0,159.0,159.5
2021/09/28,158.0,159.0,154.5,157.0
2021/09/29,152.5,154.5,150.0,150.5
2021/09/30,150.5,155.5,149.0,155.0
2021/10/01,152.0,152.5,143.0,144.0
2021/10/04,146.0,148.0,141.5,143.0
2021/10/05,138.5,148.0,137.5,147.5
2021/10/06,148.5,149.5,142.5,144.0
2021/10/07,145.0,149.0,144.5,148.0
2021/10/08,148.0,152.0,147.0,148.5
2021/10/12,146.5,150.5,146.0,146.5
2021/10/13,149.0,149.0,140.5,141.0
2021/10/14,142.5,143.5,137.5,142.0
2021/10/15,145.0,154.0,145.0,149.5
2021/10/18,151.0,151.0,146.0,147.5
2021/10/19,148.5,155.0,148.5,152.5
2021/10/20,153.5,156.0,150.5,155.5
2021/10/21,156.0,156.0,151.0,151.5
2021/10/22,153.0,157.5,153.0,156.5
2021/10/25,158.5,165.0,157.0,159.5
2021/10/26,161.0,162.0,155.0,155.5
2021/10/27,154.5,159.0,153.5,159.0
2021/10/28,159.5,159.5,155.5,156.0
2021/10/29,159.0,162.0,156.5,158.0
2021/11/01,161.5,173.5,160.5,173.5
2021/11/02,181.5,186.0,166.5,172.5
2021/11/03,173.5,173.5,165.0,167.5
2021/11/04,170.5,173.5,167.5,168.0
2021/11/05,169.0,169.0,162.5,165.0
2021/11/08,163.0,165.5,158.0,160.0
2021/11/09,158.5,163.0,158.5,160.0
2021/11/10,161.0,162.0,158.5,162.0
2021/11/11,160.0,163.0,158.5,159.0
2021/11/12,160.0,162.5,159.5,160.0
2021/11/15,163.0,168.0,160.5,165.0
2021/11/16,168.0,178.0,166.5,171.5
2021/11/17,174.5,175.0,169.5,171.0
2021/11/18,171.0,173.5,169.5,172.0
2021/11/19,173.5,176.5,172.0,174.5
2021/11/22,174.5,175.0,170.5,171.0
2021/11/23,172.0,173.0,167.5,167.5
2021/11/24,170.0,176.5,167.5,176.0
2021/11/25,179.0,179.0,170.0,170.0
2021/11/26,170.0,171.0,162.0,163.5
2021/11/29,160.5,164.5,155.0,163.0
2021/11/30,165.0,167.0,164.5,164.5
2021/12/01,172.0,178.0,171.5,175.0
2021/12/02,177.0,179.0,171.0,171.5
2021/12/03,174.0,178.0,172.5,174.5
2021/12/06,173.5,176.5,173.5,175.0
2021/12/07,177.0,178.5,170.0,171.0
2021/12/08,173.5,173.5,170.0,171.0
2021/12/09,173.5,177.0,173.0,176.0
2021/12/10,177.0,177.0,171.0,171.5
2021/12/13,173.0,173.0,170.0,170.0
2021/12/14,169.0,169.0,163.0,164.5
2021/12/15,166.0,169.5,164.0,169.0
2021/12/16,171.0,175.0,169.0,174.5
2021/12/17,172.5,174.0,169.5,169.5
2021/12/20,171.0,173.0,169.5,172.5
2021/12/21,172.5,176.5,171.0,174.5
2021/12/22,176.0,191.0,175.0,188.0
2021/12/23,189.5,195.5,186.0,187.5
2021/12/24,195.0,199.0,185.0,193.0
2021/12/27,189.5,191.5,180.5,181.5
2021/12/28,179.5,185.0,179.5,184.0
2021/12/29,181.0,185.0,181.0,184.0
2021/12/30,185.5,187.5,184.0,184.5
2022/01/03,184.0,188.5,178.5,186.0
2022/01/04,187.0,192.5,186.5,189.0
2022/01/05,192.0,194.0,189.0,191.5
2022/01/06,192.5,197.0,189.0,191.5
2022/01/07,193.0,193.5,178.0,178.0
2022/01/10,175.0,182.0,173.5,181.0
2022/01/11,180.0,181.0,175.5,176.0
2022/01/12,179.0,182.5,178.0,179.0
2022/01/13,180.0,181.5,173.0,173.0
2022/01/14,173.0,175.0,168.0,175.0
2022/01/17,175.5,179.0,175.5,178.0
2022/01/18,176.5,181.5,176.5,177.5
2022/01/19,174.5,183.5,174.5,180.5
2022/01/20,181.0,182.0,176.5,179.0
2022/01/21,179.0,181.5,176.5,177.5
2022/01/24,176.0,185.0,173.0,183.5
2022/01/25,185.0,191.5,180.0,180.0
2022/01/26,185.5,191.5,184.5,189.5
2022/02/07,197.0,208.0,192.5,207.5
2022/02/08,206.5,211.0,202.0,210.0
2022/02/09,210.0,211.5,204.0,207.0
2022/02/10,202.5,203.0,193.0,196.5
2022/02/11,197.0,201.5,197.0,199.0
2022/02/14,194.0,201.0,193.5,199.0
2022/02/15,199.0,207.5,194.5,196.0
2022/02/16,200.5,202.0,197.0,198.0
2022/02/17,201.0,201.0,191.5,192.5
2022/02/18,189.0,195.5,188.5,194.5
2022/02/21,192.0,195.5,190.5,191.5
2022/02/22,188.5,190.0,183.0,185.0
2022/02/23,185.5,189.0,185.5,188.5
2022/02/24,186.0,186.0,179.5,180.0
2022/02/25,182.5,185.0,180.0,182.0
2022/03/01,186.0,191.5,185.0,191.0
2022/03/02,189.0,189.5,186.0,189.5
2022/03/03,190.0,191.5,187.0,187.5
2022/03/04,187.0,187.5,183.0,184.0
2022/03/07,180.0,186.0,178.0,184.0
2022/03/08,182.5,187.5,175.0,176.0
2022/03/09,176.5,188.0,176.5,186.5
2022/03/10,188.5,200.5,188.5,196.0
2022/03/11,195.0,199.0,193.0,195.0
2022/03/14,194.0,196.0,191.5,191.5
2022/03/15,190.0,191.5,182.5,182.5
2022/03/16,187.0,190.5,183.0,185.0
2022/03/17,192.0,196.0,189.5,194.5
2022/03/18,196.5,200.0,194.0,200.0
2022/03/21,204.5,204.5,193.0,199.0
2022/03/22,198.0,200.0,196.0,199.0
2022/03/23,199.0,203.0,195.5,195.5
2022/03/24,195.0,200.0,192.0,198.5
2022/03/25,198.0,198.5,192.0,193.0
2022/03/28,192.0,198.0,190.0,197.5
2022/03/29,199.5,201.5,196.0,196.0
2022/03/30,199.0,209.0,198.0,198.5
2022/03/31,199.0,201.5,193.0,195.5
2022/04/01,195.5,201.0,194.5,194.5
2022/04/06,192.5,194.5,191.0,192.5
2022/04/07,192.5,194.0,185.0,185.0
2022/04/08,186.5,191.5,186.5,190.0
2022/04/11,187.0,187.0,182.0,182.5
2022/04/12,179.5,181.0,176.0,179.0
2022/04/13,180.0,180.0,176.0,177.5
2022/04/14,179.0,179.5,177.0,177.5
2022/04/15,177.5,177.5,168.0,169.0
2022/04/18,169.0,172.0,166.5,167.5
2022/04/19,170.5,172.0,169.0,171.0
2022/04/20,171.5,180.5,171.5,178.5
2022/04/21,183.0,183.0,172.5,174.0
2022/04/22,174.0,176.5,172.5,173.5
2022/04/25,170.0,170.0,164.0,165.5
2022/04/26,168.0,168.0,164.0,164.5
2022/04/27,162.0,164.0,153.0,163.5
2022/04/28,163.5,166.5,160.0,165.0
2022/04/29,167.5,169.5,164.0,164.0
2022/05/03,163.0,165.5,161.0,162.0
2022/05/04,163.0,166.5,163.0,166.0
2022/05/05,169.5,172.0,169.0,169.0
2022/05/06,165.5,166.0,164.0,165.0
2022/05/09,162.5,163.5,159.5,160.0
2022/05/10,152.0,164.5,150.5,163.0
2022/05/11,161.0,164.5,160.0,160.5
2022/05/12,160.0,163.0,158.0,158.0
2022/05/13,160.0,165.0,160.0,162.5
2022/05/16,165.0,169.0,164.5,166.5
2022/05/17,167.0,171.5,167.0,171.0
2022/05/18,172.5,176.0,170.5,170.5
2022/05/19,166.5,173.0,166.0,173.0
2022/05/20,173.5,175.5,172.0,175.0
2022/05/23,175.0,176.0,172.0,172.0
2022/05/24,173.0,173.0,170.5,171.5
2022/05/25,172.0,173.5,170.0,170.5
2022/05/26,171.0,171.5,166.0,166.5
2022/05/27,169.0,170.5,168.0,169.5
2022/05/30,172.0,175.0,172.0,174.0
2022/05/31,174.0,174.0,172.0,172.0
2022/06/01,173.5,175.0,170.5,171.5
2022/06/02,172.5,172.5,168.5,169.5
2022/06/06,170.0,171.0,167.5,167.5
2022/06/07,169.0,170.5,168.5,169.5
2022/06/08,171.5,173.5,171.0,171.0
2022/06/09,171.0,171.0,167.5,168.5
2022/06/10,168.0,168.5,166.5,167.0
2022/06/13,165.0,166.0,164.5,165.5
2022/06/14,165.0,166.0,162.0,165.5
2022/06/15,166.5,167.0,165.0,165.5
2022/06/16,168.5,168.5,162.0,162.0
2022/06/17,158.5,161.5,158.0,159.5
2022/06/20,159.0,160.0,155.5,156.0
2022/06/21,157.0,162.0,157.0,161.0
2022/06/22,161.5,162.0,156.0,156.0
2022/06/23,155.0,157.0,147.5,151.0
2022/06/24,151.5,153.0,146.5,146.5
2022/06/27,151.0,152.5,149.0,152.0
2022/06/28,152.0,152.5,145.0,145.5
2022/06/29,145.5,147.5,144.0,146.0
2022/06/30,148.0,148.0,140.0,140.0
2022/07/01,140.0,141.0,133.0,133.0
2022/07/04,133.5,136.5,131.5,131.5
2022/07/05,135.0,137.5,131.5,136.0
2022/07/06,134.0,138.0,132.5,133.5
2022/07/07,136.0,139.5,132.5,139.0
2022/07/08,143.0,147.5,141.0,143.0
2022/07/11,144.0,144.5,139.5,141.5
2022/07/12,139.5,139.5,134.0,135.5
2022/07/13,139.5,140.0,136.5,137.0
2022/07/14,135.5,140.5,135.0,139.5
2022/07/15,140.5,143.0,139.0,142.5
2022/07/18,145.0,151.5,145.0,146.0
2022/07/19,145.0,147.0,145.0,146.0
2022/07/20,149.0,150.0,146.5,148.0
2022/07/21,149.0,153.0,148.5,153.0
2022/07/22,154.0,156.0,153.0,154.0
2022/07/25,143.5,143.5,139.0,140.0
2022/07/26,140.0,140.0,137.0,137.0
2022/07/27,137.5,140.0,136.5,140.0
2022/07/28,142.5,147.0,142.0,146.0
2022/07/29,148.0,152.0,148.0,151.0
2022/08/01,151.5,154.0,149.5,149.5
2022/08/02,148.5,148.5,145.0,145.5
2022/08/03,146.5,146.5,140.5,140.5
2022/08/04,138.5,142.0,138.5,141.5
2022/08/05,144.0,145.0,144.0,144.0
2022/08/08,144.0,146.5,140.0,145.5
2022/08/09,143.0,148.0,142.5,147.0
2022/08/10,145.0,146.5,144.0,144.0
2022/08/11,146.0,147.5,143.5,144.5
2022/08/12,143.5,145.5,143.5,145.5
2022/08/15,145.5,148.0,145.5,147.0
2022/08/16,148.0,149.0,145.5,145.5
2022/08/17,146.5,151.0,146.5,151.0
2022/08/18,151.5,152.5,148.0,151.5
2022/08/19,151.5,156.0,151.5,154.0
2022/08/22,153.0,153.0,147.0,147.0
2022/08/23,145.5,148.0,145.0,147.5
2022/08/24,148.0,149.0,146.0,146.0
2022/08/25,147.0,149.5,146.5,147.0
2022/08/26,149.0,161.5,149.0,159.0
2022/08/29,153.5,159.0,152.0,154.5
2022/08/30,155.5,158.5,155.5,157.5
2022/08/31,155.5,155.5,153.5,154.0
2022/09/01,154.0,154.0,150.0,150.5
2022/09/02,153.0,153.0,149.0,149.0
2022/09/05,150.0,151.0,145.5,146.0
2022/09/06,146.0,146.5,138.5,140.0
2022/09/07,143.0,143.0,137.0,139.0
2022/09/08,141.0,141.0,139.0,140.0
2022/09/12,147.0,152.5,144.5,148.5
2022/09/13,150.0,159.0,149.0,154.5
2022/09/14,150.0,157.5,150.0,157.5
2022/09/15,158.5,159.0,154.5,154.5
2022/09/16,152.0,155.5,150.5,150.5
2022/09/19,152.0,153.5,149.5,151.5
2022/09/20,153.5,155.5,153.0,154.5
2022/09/21,154.0,154.0,149.5,149.5
2022/09/22,146.0,152.0,146.0,151.5
2022/09/23,152.0,154.5,147.0,147.5
2022/09/26,147.0,148.5,141.0,142.0
2022/09/27,141.5,143.5,140.0,143.0
2022/09/28,141.0,141.0,135.5,137.0
2022/09/29,140.0,140.0,135.5,135.5
2022/09/30,132.0,138.0,132.0,137.5
2022/10/03,135.0,137.0,133.5,135.5
2022/10/04,139.5,143.5,138.0,142.5
2022/10/05,144.5,146.5,140.0,140.0
2022/10/06,140.5,142.0,139.0,142.0
2022/10/07,142.0,142.0,139.0,141.0
2022/10/11,133.5,133.5,127.0,128.0
2022/10/12,128.0,128.5,115.5,115.5
2022/10/13,115.5,116.5,109.0,111.0
2022/10/14,115.0,115.5,110.5,111.5
2022/10/17,110.5,116.0,109.0,115.5
2022/10/18,116.5,117.0,114.5,114.5
2022/10/19,115.0,120.0,115.0,117.0
2022/10/20,117.5,117.5,113.5,114.5
2022/10/21,115.0,116.0,112.5,112.5
2022/10/24,114.5,116.5,112.5,113.5
2022/10/25,113.5,113.5,108.0,109.0
2022/10/26,110.0,110.5,106.5,108.0
2022/10/27,108.0,112.0,108.0,111.5
2022/10/28,110.0,110.5,108.0,109.5
2022/10/31,111.0,114.0,109.5,114.0
2022/11/01,113.0,116.0,113.0,114.5
2022/11/02,116.0,117.5,115.5,116.0
2022/11/03,114.5,118.0,114.5,116.5
2022/11/04,116.5,118.0,115.5,118.0
2022/11/07,120.0,123.0,119.0,120.0
2022/11/08,121.0,121.0,117.5,118.5
2022/11/09,119.0,121.5,119.0,121.0
2022/11/10,121.0,121.5,119.0,119.5
2022/11/11,123.0,123.0,121.0,121.5
2022/11/14,122.5,123.0,121.0,122.5
2022/11/15,121.5,123.5,120.5,122.5
2022/11/16,122.5,123.5,120.0,122.0
2022/11/17,124.5,130.5,123.5,124.5
2022/11/18,124.0,126.0,123.0,123.0
2022/11/21,122.0,123.5,121.5,122.0
2022/11/22,121.0,122.0,121.0,121.0
2022/11/23,121.5,124.0,121.5,121.5
2022/11/24,122.0,125.5,122.0,125.0
2022/11/25,125.0,126.5,123.5,123.5
2022/11/28,122.0,126.0,122.0,124.5
2022/11/29,121.5,124.0,121.5,123.5
2022/11/30,123.5,126.0,123.5,125.0
2022/12/01,127.0,129.0,126.5,127.0
2022/12/02,127.5,132.0,127.5,132.0
2022/12/05,133.0,133.0,130.5,130.5
2022/12/06,130.5,130.5,126.5,127.0
2022/12/07,127.0,128.0,123.0,123.0
2022/12/08,121.5,125.0,121.5,123.0
2022/12/09,123.5,125.0,120.5,121.5
2022/12/12,120.5,122.0,120.5,121.0
2022/12/13,122.0,122.0,120.0,120.5
2022/12/14,121.0,122.5,121.0,122.5
2022/12/15,123.5,123.5,121.5,123.0
2022/12/16,121.5,122.5,120.0,120.5
2022/12/19,120.5,122.0,118.5,120.0
2022/12/20,120.5,121.0,115.5,116.5
2022/12/21,119.5,119.5,116.0,117.0
2022/12/22,119.0,120.0,117.5,118.0
2022/12/23,116.0,118.5,115.5,117.5
2022/12/26,117.5,118.0,116.0,117.0
2022/12/27,117.0,118.5,117.0,117.5
2022/12/28,117.5,117.5,115.0,115.5
2022/12/29,115.5,115.5,114.0,115.0
2022/12/30,116.0,117.5,113.0,114.5
2023/01/03,116.5,117.5,114.0,117.5
2023/01/04,116.0,117.5,115.5,116.5
2023/01/05,117.5,118.0,116.0,116.0
2023/01/06,115.5,119.0,115.5,119.0
2023/01/09,119.5,121.0,117.0,118.0
2023/01/10,118.0,119.5,117.5,118.5
2023/01/11,119.5,119.5,117.5,118.0
2023/01/12,119.0,119.0,118.0,118.5
2023/01/13,119.0,121.5,119.0,120.0
2023/01/16,120.5,125.0,120.5,121.0
2023/01/17,122.5,125.0,122.0,123.5
2023/01/30,127.0,128.5,124.0,124.5
2023/01/31,126.0,126.0,124.0,124.5
2023/02/01,126.0,135.0,126.0,133.5
2023/02/02,136.0,136.5,131.5,135.0
2023/02/03,134.5,134.5,132.0,132.0
2023/02/06,130.5,132.0,130.5,130.5
2023/02/07,130.5,132.5,128.5,129.5
2023/02/08,130.0,131.0,127.5,128.5
2023/02/09,128.5,130.0,126.0,129.0
2023/02/10,128.5,130.5,128.0,129.5
2023/02/13,129.5,129.5,126.5,128.5
2023/02/14,128.5,129.5,128.0,129.0
2023/02/15,129.0,132.5,128.5,130.0
2023/02/16,131.0,137.0,131.0,135.5
2023/02/17,134.5,134.5,133.0,133.0
2023/02/20,134.0,135.5,132.5,133.5
2023/02/21,134.0,136.0,134.0,135.0
2023/02/22,134.5,134.5,131.5,132.0
2023/02/23,133.5,136.0,133.5,133.5
2023/02/24,134.5,135.5,131.0,133.0
2023/03/01,133.0,135.5,131.5,135.5
2023/03/02,136.5,136.5,133.0,136.0
2023/03/03,136.0,142.5,136.0,137.0
2023/03/06,142.5,144.5,140.5,141.0
2023/03/07,142.5,146.0,142.5,143.0
2023/03/08,141.5,147.0,141.5,145.5
2023/03/09,145.0,147.0,143.5,145.5
2023/03/10,143.5,145.5,140.5,140.5
2023/03/13,139.0,141.0,136.5,140.5
2023/03/14,141.0,145.5,140.5,142.0
2023/03/15,145.0,145.5,140.5,140.5
2023/03/16,139.0,142.0,137.0,138.0
2023/03/17,139.5,141.5,139.0,139.5
2023/03/20,141.5,141.5,139.5,140.5
2023/03/21,142.0,142.0,140.5,141.0
2023/03/22,142.0,144.0,141.0,144.0
2023/03/23,142.0,144.0,141.5,144.0
2023/03/24,144.5,145.0,142.5,143.5
2023/03/27,143.0,143.5,141.0,142.5
2023/03/28,142.0,142.0,137.5,138.0
2023/03/29,138.0,139.5,137.0,137.0
2023/03/30,138.0,140.0,138.0,139.5
2023/03/31,140.0,141.0,139.0,141.0
2023/04/06,142.5,142.5,139.5,140.5
2023/04/07,141.5,141.5,140.0,140.5
2023/04/10,141.0,141.0,139.5,140.5
2023/04/11,140.5,145.0,140.0,144.0
2023/04/12,145.0,145.0,142.0,142.0
2023/04/13,142.0,142.5,140.0,140.5
2023/04/14,142.0,144.0,141.0,143.0
2023/04/17,143.0,145.0,142.5,144.5
2023/04/18,145.5,145.5,142.5,142.5
2023/04/19,143.0,143.0,140.0,140.0
2023/04/20,140.0,140.0,137.0,137.0
2023/04/21,137.0,137.5,133.5,134.0
2023/04/24,133.5,136.5,133.5,136.0
2023/04/25,136.0,137.0,132.0,132.5
2023/04/26,131.5,132.0,126.5,131.5
2023/04/27,132.5,134.0,131.0,133.5
2023/04/28,134.5,135.0,133.5,134.0
2023/05/02,134.0,137.0,134.0,134.5
2023/05/03,134.5,137.5,134.5,136.0
2023/05/04,136.0,136.5,134.5,134.5
2023/05/05,136.0,136.0,133.5,135.0
2023/05/08,135.5,135.5,133.5,134.5
2023/05/09,134.5,136.0,134.0,134.5
2023/05/10,135.0,135.5,133.5,135.0
2023/05/11,134.5,134.5,132.0,132.0
2023/05/12,131.5,134.5,130.0,134.0
2023/05/15,135.5,135.5,132.5,132.5
2023/05/16,134.5,134.5,134.0,134.5
2023/05/17,133.5,136.5,133.5,135.5
2023/05/18,137.0,138.5,136.5,136.5
2023/05/19,138.0,138.0,135.5,136.0
2023/05/22,136.0,138.0,136.0,138.0
2023/05/23,139.0,141.0,138.0,141.0
2023/05/24,141.0,142.5,140.0,141.5
2023/05/25,142.0,143.5,141.5,143.0
2023/05/26,144.0,145.0,143.0,144.5
2023/05/29,146.0,150.0,146.0,148.5
2023/05/30,148.5,150.0,146.5,148.0
2023/05/31,148.0,152.5,148.0,150.0
2023/06/01,150.0,151.5,150.0,151.5
2023/06/02,151.5,153.5,150.5,151.5
2023/06/05,152.0,153.5,151.5,152.5
2023/06/06,154.0,154.0,151.0,151.5
2023/06/07,152.5,154.5,151.5,154.0
2023/06/08,154.0,154.0,150.5,151.0
2023/06/09,156.0,157.0,154.0,155.5
2023/06/12,157.0,157.5,155.0,155.5
2023/06/13,157.0,160.0,155.5,156.0
2023/06/14,157.0,158.0,156.0,157.0
2023/06/15,156.5,157.0,155.0,156.0
2023/06/16,157.5,157.5,155.5,155.5
2023/06/19,155.5,158.0,155.5,157.0
2023/06/20,157.0,161.5,157.0,159.5
2023/06/21,159.0,164.5,159.0,163.5
2023/06/26,163.5,164.0,160.5,162.5
2023/06/27,162.5,163.0,160.5,161.0
2023/06/28,161.5,162.5,159.0,160.0
2023/06/29,159.5,162.0,159.5,161.0
2023/06/30,163.0,163.0,161.0,162.5
2023/07/03,163.0,164.0,162.5,164.0
2023/07/04,164.5,168.0,164.5,167.5
2023/07/05,168.0,168.5,166.0,168.0
2023/07/06,167.5,167.5,166.0,167.5
2023/07/07,168.0,168.0,163.0,166.5
2023/07/10,167.0,172.0,165.0,165.0
2023/07/11,166.0,169.5,166.0,167.5
2023/07/12,169.0,169.0,168.0,169.0
2023/07/13,169.5,173.0,168.5,169.5
2023/07/14,170.0,170.5,168.0,168.5
2023/07/17,168.5,169.5,168.0,168.0
2023/07/18,168.0,170.0,167.5,167.5
2023/07/19,168.5,168.5,164.0,164.0
2023/07/20,165.0,166.0,162.5,163.0
2023/07/21,163.0,166.5,161.5,166.0
2023/07/24,157.0,161.0,157.0,158.0
2023/07/25,160.0,163.5,159.5,161.0
2023/07/26,163.0,163.0,158.0,158.0
2023/07/27,158.5,159.0,157.0,157.0
2023/07/28,157.5,159.0,156.5,158.0
2023/07/31,160.0,161.5,158.5,159.5
2023/08/01,160.0,167.0,160.0,165.5
2023/08/02,165.5,165.5,158.5,159.5
2023/08/04,160.0,163.5,159.0,163.5
2023/08/07,169.5,175.0,164.0,173.5
2023/08/08,183.0,190.5,182.0,189.0
2023/08/09,182.0,182.0,170.5,170.5
2023/08/10,166.0,168.0,161.0,166.0
2023/08/11,167.5,170.5,164.5,169.0
2023/08/14,169.0,169.0,163.5,164.5
2023/08/15,168.5,171.0,167.0,168.0
2023/08/16,168.5,172.5,167.5,171.5
2023/08/17,168.0,173.5,168.0,173.5
2023/08/18,173.5,175.0,170.0,170.0
2023/08/21,170.0,170.0,167.5,167.5
2023/08/22,171.0,171.0,166.5,167.0
2023/08/23,166.0,171.0,166.0,170.0
2023/08/24,173.0,173.0,166.5,167.0
2023/08/25,168.0,168.0,165.5,166.0
2023/08/28,166.0,168.0,164.0,165.5
2023/08/29,166.0,169.5,166.0,169.5
2023/08/30,170.0,171.5,168.0,171.0
2023/08/31,171.5,171.5,169.5,171.5
2023/09/01,171.5,172.0,170.0,170.5
2023/09/04,170.0,171.5,170.0,171.0
2023/09/05,171.0,176.0,171.0,174.5
2023/09/06,173.5,180.0,173.5,177.5
2023/09/07,176.0,179.5,175.0,178.0
2023/09/08,177.0,180.5,177.0,179.0
2023/09/11,177.5,177.5,167.5,171.0
2023/09/12,172.5,175.0,171.5,173.5
2023/09/13,174.5,176.0,172.0,175.0
2023/09/14,174.0,179.0,173.0,177.0
2023/09/15,176.0,176.0,170.0,170.5
2023/09/18,169.5,174.0,169.0,173.5
2023/09/19,173.5,174.0,170.5,170.5
2023/09/20,170.0,173.0,169.0,170.0
2023/09/21,169.5,170.0,167.0,167.5
2023/09/22,167.5,174.5,166.0,174.5
2023/09/25,175.0,176.5,174.0,175.5
2023/09/26,174.5,176.5,174.5,175.0
2023/09/27,173.5,176.5,173.0,173.5
2023/09/28,173.0,175.0,172.0,174.0
2023/10/02,175.5,179.0,175.5,178.5
2023/10/03,178.0,182.0,178.0,181.0
2023/10/04,181.0,187.0,179.0,186.0
2023/10/05,186.0,188.0,183.0,186.0
2023/10/06,189.5,189.5,183.5,184.0
2023/10/11,187.0,187.0,181.0,183.5
2023/10/12,186.0,190.0,183.5,188.5
2023/10/13,190.0,199.0,189.5,195.5
2023/10/16,198.0,201.5,193.0,196.5
2023/10/17,196.0,200.5,194.0,196.5
2023/10/18,198.0,198.0,190.0,194.0
2023/10/19,192.5,195.0,189.0,191.5
2023/10/20,190.0,190.0,183.0,186.5
2023/10/23,184.5,189.0,184.0,185.5
2023/10/24,187.0,189.5,182.0,188.5
2023/10/25,189.5,194.5,189.0,191.0
2023/10/26,188.0,190.0,185.0,185.5
2023/10/27,187.0,187.0,180.0,184.0
2023/10/30,183.0,187.0,183.0,186.0
2023/10/31,188.5,189.5,180.0,180.0
2023/11/01,180.5,184.5,178.5,184.0
2023/11/02,186.0,188.5,184.5,187.0
2023/11/03,189.5,191.5,186.5,191.5
2023/11/06,191.0,193.0,180.0,182.0
2023/11/07,181.0,183.5,180.0,182.0
2023/11/08,183.0,188.5,183.0,186.5
2023/11/09,184.5,186.0,181.5,183.0
2023/11/10,182.5,185.5,182.5,184.5
2023/11/13,185.0,187.0,185.0,185.5
2023/11/14,188.0,191.0,186.0,188.0
2023/11/15,191.5,192.0,186.5,187.0
2023/11/16,188.0,188.0,184.5,187.0
2023/11/17,186.5,188.0,186.5,186.5
2023/11/20,186.5,188.5,186.0,187.0
2023/11/21,188.0,189.5,186.0,186.0
2023/11/22,186.0,187.5,184.0,185.5
2023/11/23,185.0,186.0,182.5,183.0
2023/11/24,183.5,185.0,182.0,182.0
2023/11/27,183.5,184.0,180.0,181.0
2023/11/28,182.0,184.0,182.0,184.0
2023/11/29,184.0,185.5,183.0,185.0
2023/11/30,185.0,186.0,184.0,184.5
2023/12/01,184.5,185.5,184.0,184.5
2023/12/04,185.0,186.5,184.0,184.5
2023/12/05,184.5,184.5,183.0,184.0
2023/12/06,184.5,184.5,182.5,182.5
2023/12/07,182.5,184.0,181.5,181.5
2023/12/08,183.5,187.5,183.5,187.0
2023/12/11,189.0,190.5,186.0,188.5
2023/12/12,190.5,195.5,190.5,194.0
2023/12/13,196.0,196.0,192.5,194.5
2023/12/14,196.0,197.5,194.0,196.5
2023/12/15,197.0,199.5,193.0,193.0
2023/12/18,192.0,196.0,192.0,194.5
2023/12/19,195.0,195.0,189.5,190.0
2023/12/20,193.5,199.5,193.0,199.5
2023/12/21,197.0,200.5,195.5,197.5
2023/12/22,199.5,199.5,192.5,195.0
2023/12/25,196.5,198.0,192.0,192.0
2023/12/26,194.0,195.0,193.5,193.5
2023/12/27,194.5,198.0,193.5,197.5
2023/12/28,197.0,197.0,193.0,196.0
2023/12/29,195.5,198.5,191.5,192.0
2024/01/02,192.0,193.5,190.0,190.0
2024/01/03,189.5,189.5,187.0,187.5
2024/01/04,189.0,190.0,186.0,186.0
2024/01/05,188.0,188.0,186.0,186.0
2024/01/08,187.0,187.5,184.5,185.0
2024/01/09,185.5,186.0,182.0,183.5
2024/01/10,184.0,185.0,181.5,181.5
2024/01/11,182.0,187.0,182.0,185.0
2024/01/12,185.5,185.5,182.0,182.5
2024/01/15,184.0,189.0,184.0,187.5
2024/01/16,187.0,197.0,187.0,195.5
2024/01/17,196.5,197.5,192.5,194.0
2024/01/18,196.0,196.0,189.0,193.0
2024/01/19,193.0,194.5,190.0,190.5
2024/01/22,193.5,195.0,192.5,193.5
2024/01/23,193.0,193.5,191.0,191.5
2024/01/24,192.5,194.0,191.5,194.0
2024/01/25,194.5,196.0,192.0,192.5
2024/01/26,191.5,193.5,190.5,191.0
2024/01/29,191.5,193.5,188.5,192.5
2024/01/30,193.0,194.5,191.5,194.5
2024/01/31,193.5,194.0,192.0,192.0
2024/02/01,191.5,193.0,190.0,190.5
2024/02/02,192.5,192.5,188.0,188.5
2024/02/05,189.5,192.5,187.5,191.5
2024/02/15,196.5,198.0,193.5,195.0
2024/02/16,196.0,208.0,195.5,205.0
2024/02/19,207.5,207.5,202.0,207.0
2024/02/20,207.0,207.0,200.0,201.0
2024/02/21,201.5,210.0,201.5,209.5
2024/02/22,209.5,215.5,206.5,213.0
2024/02/23,213.0,219.5,211.5,211.5
2024/02/26,212.0,214.5,209.5,212.5
2024/02/27,210.0,213.0,204.0,208.0
2024/02/29,208.0,213.5,207.0,212.5
2024/03/01,212.0,213.5,208.5,212.5
2024/03/04,212.5,214.0,210.5,213.5
2024/03/05,214.5,217.5,211.0,217.5
2024/03/06,216.5,222.0,214.5,216.5
2024/03/07,221.0,230.0,221.0,227.0
2024/03/08,228.0,230.5,210.0,218.0
2024/03/11,213.5,215.0,209.5,212.0
2024/03/12,212.0,214.5,211.0,212.0
2024/03/13,215.0,215.5,209.0,211.5
2024/03/14,211.5,212.0,206.0,210.0
2024/03/15,209.0,211.5,205.5,205.5
2024/03/18,205.5,210.5,205.0,210.0
2024/03/19,210.0,212.0,208.0,211.0
2024/03/20,215.0,217.0,213.0,215.0
2024/03/21,217.5,218.0,214.0,215.0
2024/03/22,215.0,217.5,214.0,216.0
2024/03/25,216.0,217.5,215.0,216.5
2024/03/26,217.0,217.0,210.5,213.5
2024/03/27,213.5,219.5,213.5,218.5
2024/03/28,218.5,219.0,214.0,217.0
2024/03/29,216.0,216.5,215.0,216.5
2024/04/01,220.5,228.0,218.0,223.0
2024/04/02,223.5,230.0,223.5,228.0
2024/04/03,226.0,238.0,225.0,237.0
2024/04/08,240.0,240.0,230.0,233.5
2024/04/09,234.5,240.0,233.0,235.0
2024/04/10,236.5,236.5,228.5,229.5
2024/04/11,231.0,235.0,228.0,234.5
2024/04/12,234.5,236.5,232.0,235.0
2024/04/15,231.5,235.0,229.0,229.5
2024/04/16,230.5,230.5,220.0,223.5
2024/04/17,226.5,230.0,224.0,228.0
2024/04/18,225.0,230.5,225.0,230.5
2024/04/19,228.0,229.0,217.5,223.0
2024/04/22,224.0,224.0,213.5,213.5
2024/04/23,217.0,219.5,215.5,217.0
2024/04/24,221.5,223.5,219.0,220.0
2024/04/25,220.0,223.5,219.0,220.0
2024/04/26,221.5,222.5,219.5,222.5
2024/04/29,223.0,227.5,223.0,224.5
2024/04/30,223.5,226.0,221.0,221.5
2024/05/02,220.0,228.0,218.5,227.5
2024/05/03,228.0,231.0,225.5,230.0
2024/05/06,233.0,234.5,227.5,231.5
2024/05/07,231.5,232.0,227.5,228.0
2024/05/08,232.0,245.0,232.0,242.5
2024/05/09,243.5,243.5,235.0,239.0
2024/05/10,239.0,244.5,238.0,239.5
2024/05/13,241.0,241.0,233.5,237.5
2024/05/14,237.5,237.5,232.5,233.5
2024/05/15,234.5,237.0,234.0,237.0
2024/05/16,237.0,241.5,235.5,241.5
2024/05/17,241.5,241.5,236.0,239.0
2024/05/20,239.5,239.5,235.0,237.5
2024/05/21,236.5,237.0,234.0,235.5
2024/05/22,236.5,237.0,234.5,236.0
2024/05/23,236.5,236.5,233.5,236.5
2024/05/24,235.0,239.5,233.5,239.5
2024/05/27,240.0,247.5,240.0,244.0
2024/05/28,244.0,251.0,244.0,245.0
2024/05/29,245.0,250.0,245.0,248.5
2024/05/30,248.5,250.0,245.5,250.0
2024/05/31,269.0,269.0,241.0,243.5
2024/06/03,247.0,253.5,247.0,253.0
2024/06/04,251.0,253.5,250.5,251.5
2024/06/05,251.5,253.0,248.5,253.0
2024/06/06,255.0,256.0,250.5,252.5
2024/06/07,252.0,254.0,250.5,253.0
2024/06/11,259.5,260.0,251.0,254.5
2024/06/12,256.0,259.5,254.5,258.5
2024/06/13,260.0,262.5,256.0,259.0
2024/06/14,259.0,259.0,255.5,257.0
2024/06/17,259.0,260.0,258.0,258.5
2024/06/18,260.0,260.0,256.5,258.0
2024/06/19,259.5,259.5,254.0,255.0
2024/06/20,255.0,256.0,252.5,256.0
2024/06/21,256.0,256.0,252.0,254.5
2024/06/24,255.0,255.5,247.0,249.0
2024/06/25,244.5,250.0,242.0,249.5
2024/06/26,249.5,251.5,248.5,251.0
2024/06/27,250.5,250.5,247.5,248.0
2024/06/28,248.5,249.5,247.0,248.0
2024/07/01,248.0,254.0,247.5,247.5
2024/07/02,248.0,250.5,248.0,250.0
2024/07/03,250.0,250.0,245.5,247.0
2024/07/04,250.0,250.0,245.0,247.5
2024/07/05,247.5,249.0,245.5,248.0
2024/07/08,248.0,248.5,246.5,248.0
2024/07/09,244.5,246.5,231.0,236.0
2024/07/10,235.0,237.5,233.0,234.0
2024/07/11,233.0,235.5,232.5,233.0
2024/07/12,232.0,233.0,230.0,231.5
2024/07/15,232.0,234.0,230.5,232.5
2024/07/16,232.5,233.5,231.5,231.5
2024/07/17,233.0,237.5,233.0,235.5
2024/07/18,232.5,239.0,231.5,235.5
2024/07/19,235.5,240.0,232.5,234.0
2024/07/22,233.5,236.0,226.0,227.5
2024/07/23,230.0,231.5,228.0,231.5
2024/07/26,220.0,220.0,211.5,217.0
2024/07/29,227.0,227.0,215.0,217.5
2024/07/30,215.0,223.0,215.0,222.5
2024/07/31,220.0,225.0,220.0,224.0
2024/08/01,224.5,227.5,222.5,225.5
2024/08/02,223.5,224.0,221.0,221.5
2024/08/05,213.5,214.0,199.5,201.5
2024/08/06,207.0,209.5,195.5,206.5
2024/08/07,209.5,227.0,209.5,227.0
2024/08/08,222.5,228.0,221.0,221.5
2024/08/09,226.5,226.5,221.5,221.5
2024/08/12,221.5,225.0,220.5,222.0
2024/08/13,221.5,226.5,221.5,225.5
2024/08/14,229.0,229.5,225.5,227.5
2024/08/15,227.5,229.5,225.5,227.5
2024/08/16,230.0,230.5,227.5,227.5
2024/08/19,228.0,228.5,226.5,228.5
2024/08/20,229.0,230.5,227.0,227.0
2024/08/21,226.5,229.0,225.0,227.0
2024/08/22,228.0,232.0,227.0,229.5
2024/08/23,227.5,231.5,227.0,228.5
2024/08/26,229.5,233.0,229.5,231.0
2024/08/27,231.5,234.5,231.5,233.0
2024/08/28,234.5,237.0,232.5,233.0
2024/08/29,231.0,238.0,231.0,235.5
2024/08/30,236.0,238.0,235.0,235.0
2024/09/02,237.5,241.0,237.5,238.5
2024/09/03,239.0,240.5,236.0,238.0
2024/09/04,229.0,238.5,229.0,233.0
2024/09/05,236.0,243.5,234.5,236.0
2024/09/06,237.5,237.5,235.0,236.0
2024/09/09,239.0,241.0,238.5,240.0
2024/09/10,241.0,244.5,236.5,237.0
2024/09/11,237.0,241.0,237.0,237.0
2024/09/12,239.5,240.0,238.0,239.0
2024/09/13,238.0,240.0,235.5,238.5
2024/09/16,238.5,239.5,235.0,236.5
2024/09/18,235.0,235.0,230.5,230.5
2024/09/19,233.5,236.0,233.5,233.5
2024/09/20,234.0,236.5,233.0,233.5
2024/09/23,233.5,254.0,233.5,250.0
2024/09/24,250.0,252.5,245.5,247.0
2024/09/25,249.0,257.0,248.0,256.5
2024/09/26,259.5,265.0,253.5,254.0
2024/09/27,256.0,256.5,253.5,254.5
2024/09/30,255.0,255.5,251.5,253.5
2024/10/01,256.5,256.5,251.0,252.5
2024/10/04,253.0,258.0,252.0,253.5
2024/10/07,254.5,262.0,254.0,261.0
2024/10/08,261.0,262.0,255.0,256.5
2024/10/09,267.5,277.0,260.5,275.0
2024/10/11,280.0,285.0,270.5,272.5
2024/10/14,276.0,284.0,269.0,283.5
2024/10/15,286.0,286.5,280.0,283.0
2024/10/16,283.0,292.5,281.0,285.5
2024/10/17,289.0,291.0,281.0,283.5
2024/10/18,285.0,285.0,277.5,277.5
2024/10/21,280.0,282.0,278.5,279.5
2024/10/22,280.5,282.5,279.5,281.5
2024/10/23,284.0,284.0,281.0,281.5
2024/10/24,282.0,282.0,277.0,278.5
2024/10/25,280.5,289.0,280.5,286.5
2024/10/28,289.0,289.0,275.0,276.5
2024/10/29,276.5,279.0,273.5,279.0
2024/10/30,279.5,280.0,275.0,275.0
2024/11/01,270.0,276.5,270.0,276.0
2024/11/04,275.0,276.5,271.5,274.5
2024/11/05,270.5,275.0,270.5,275.0
2024/11/06,272.5,274.5,270.5,271.5
2024/11/07,275.0,285.0,274.5,277.0
2024/11/08,280.0,282.0,272.5,277.0
2024/11/11,271.0,283.5,271.0,283.5
2024/11/12,279.5,284.5,279.0,282.0
2024/11/13,281.5,283.0,279.5,283.0
2024/11/14,283.0,285.0,278.0,281.0
2024/11/15,282.5,282.5,276.5,279.0
2024/11/18,279.5,279.5,272.5,274.0
2024/11/19,274.0,283.0,272.5,282.0
2024/11/20,280.5,282.0,276.5,276.5
2024/11/21,276.0,282.5,274.0,282.0
2024/11/22,280.5,283.0,280.0,281.0
2024/11/25,282.5,283.0,279.0,280.5
2024/11/26,280.0,281.5,278.5,280.0
2024/11/27,277.0,280.0,274.0,274.0
2024/11/28,274.0,279.0,271.0,275.0
2024/11/29,273.0,277.5,272.0,276.0
2024/12/02,278.0,278.5,271.0,275.5
2024/12/03,278.0,284.5,277.5,282.5
2024/12/04,284.0,287.0,283.0,286.5
2024/12/05,288.0,299.5,286.0,292.0
2024/12/06,290.0,292.0,286.0,287.0
2024/12/09,283.5,283.5,266.5,276.5
2024/12/10,277.0,277.5,271.0,271.0
2024/12/11,271.5,275.0,271.5,272.0
2024/12/12,273.5,278.0,272.5,274.5
2024/12/13,274.0,275.0,271.0,271.5
2024/12/16,272.0,274.0,264.5,265.5
2024/12/17,268.5,269.0,262.0,266.5
2024/12/18,268.0,268.0,261.5,263.0
2024/12/19,262.0,266.0,260.0,264.5
2024/12/20,265.0,272.0,263.0,264.0
2024/12/23,266.5,267.5,263.5,265.5
2024/12/24,265.5,268.0,260.5,263.0
2024/12/25,264.0,264.5,261.5,262.5
2024/12/26,263.0,265.0,261.5,262.0
2024/12/27,262.0,263.5,260.0,260.0
2024/12/30,261.5,266.0,260.0,263.5
2024/12/31,263.0,264.5,260.5,263.5
2025/01/02,263.0,272.0,263.0,268.5
2025/01/03,269.0,270.5,266.5,269.0
2025/01/06,270.5,273.0,269.5,269.5
2025/01/07,272.0,272.0,269.0,271.0
2025/01/08,271.0,272.0,268.0,269.0
2025/01/09,272.0,278.5,272.0,272.5
2025/01/10,272.5,273.5,269.0,270.0
2025/01/13,270.0,270.0,261.0,262.0
2025/01/14,266.0,266.0,261.5,264.0
2025/01/15,264.0,264.0,261.0,262.5
2025/01/16,264.0,266.5,263.0,265.5
2025/01/17,263.5,264.5,261.0,263.0
2025/01/20,263.5,267.0,261.5,266.0
2025/01/21,266.0,267.0,263.0,263.5
2025/01/22,263.0,266.0,263.0,264.5
2025/02/03,264.5,266.5,261.5,264.0
2025/02/04,264.5,266.0,262.0,265.0
2025/02/05,265.5,271.0,265.5,270.5
2025/02/06,272.0,278.5,272.0,275.0
2025/02/07,275.5,280.5,275.5,277.5
2025/02/10,275.0,281.5,275.0,280.0
2025/02/11,281.5,287.5,281.0,285.0
2025/02/12,287.5,288.0,283.0,284.0
2025/02/13,286.0,286.0,279.0,279.5
2025/02/14,280.0,282.5,276.5,277.0
2025/02/17,277.0,286.5,277.0,285.5
2025/02/18,286.0,287.5,281.0,283.5
2025/02/19,284.5,286.0,283.0,283.0
2025/02/20,281.5,283.5,279.0,279.0
2025/02/21,279.0,282.5,279.0,282.0
2025/02/24,282.0,288.0,282.0,283.0
2025/02/25,283.0,289.0,282.5,288.5
2025/02/26,289.5,290.0,287.5,288.0
2025/02/27,289.0,296.0,289.0,295.5
2025/03/03,295.0,295.0,282.5,285.0
2025/03/04,282.0,290.0,280.5,288.0
2025/03/05,290.0,293.0,287.5,293.0
2025/03/06,295.5,299.0,284.0,285.5
2025/03/07,288.5,289.0,281.0,282.5
2025/03/10,285.0,286.0,278.0,278.5
2025/03/11,277.0,285.0,272.0,280.5
2025/03/12,283.0,287.5,280.5,280.5
2025/03/13,283.0,285.0,277.5,277.5
2025/03/14,278.0,279.5,275.5,277.5
2025/03/17,279.0,279.0,275.0,275.5
2025/03/18,277.0,279.5,275.5,275.5
2025/03/19,275.5,277.0,274.0,274.5
2025/03/20,275.0,278.5,275.0,277.0
2025/03/21,277.5,280.0,276.5,280.0
2025/03/24,280.5,282.5,279.0,280.5
2025/03/25,282.5,282.5,279.5,280.5
2025/03/26,282.5,287.0,281.0,286.0
2025/03/27,286.0,286.0,278.0,279.0
2025/03/28,277.5,278.5,272.5,273.0
2025/03/31,266.5,271.5,265.0,266.0
2025/04/01,266.0,270.0,266.0,268.5
2025/04/02,270.0,271.0,266.0,269.0
2025/04/07,242.5,242.5,242.5,242.5
2025/04/08,222.5,227.0,218.5,224.5
2025/04/09,230.5,238.0,217.0,217.5
2025/04/10,239.0,239.0,239.0,239.0
2025/04/11,219.0,222.5,210.0,216.0
2025/04/14,220.0,231.0,220.0,227.0
2025/04/15,227.0,245.0,227.0,238.0
2025/04/16,238.0,241.5,232.0,232.0
2025/04/17,233.0,233.0,227.5,228.0
2025/04/18,230.0,231.5,227.0,228.0
2025/04/21,228.0,228.0,218.0,218.5
2025/04/22,214.5,218.5,214.0,214.5
2025/04/23,221.0,226.5,220.0,224.5
2025/04/24,227.5,227.5,223.0,223.0
2025/04/25,227.5,234.5,227.5,232.0
2025/04/28,236.0,241.5,234.0,239.5
2025/04/29,237.5,240.5,236.5,240.5
2025/04/30,241.0,244.5,239.5,243.5
2025/05/02,243.5,251.5,243.5,248.5
2025/05/05,248.0,250.0,229.0,234.0
2025/05/06,235.5,237.0,232.0,232.5
2025/05/07,233.0,233.5,228.5,229.0
2025/05/08,231.0,235.5,231.0,234.5
2025/05/09,234.5,236.5,232.5,233.5
2025/05/12,235.0,239.0,234.0,239.0
2025/05/13,244.5,246.5,237.0,238.5
2025/05/14,240.5,247.5,240.0,245.5
2025/05/15,244.0,245.5,240.5,241.0
2025/05/16,241.0,244.0,239.5,242.0
2025/05/19,239.5,239.5,236.0,236.0
2025/05/20,239.0,242.0,236.0,237.5
2025/05/21,238.5,239.0,234.5,239.0
2025/05/22,238.0,238.0,234.0,235.5
2025/05/23,235.5,239.5,235.5,237.0
2025/05/26,236.5,236.5,233.5,234.0
2025/05/27,232.5,233.0,229.0,230.0
2025/05/28,231.5,232.5,229.5,230.0
2025/05/29,231.0,231.0,227.5,227.5
2025/06/02,227.5,227.5,223.5,224.5
2025/06/03,225.0,227.0,223.5,225.5
2025/06/04,226.5,232.0,226.5,230.0
2025/06/05,229.5,229.5,226.0,226.5
2025/06/06,225.5,227.5,225.0,226.0
2025/06/09,224.5,224.5,218.5,220.0
2025/06/10,220.5,222.0,218.5,222.0
2025/06/11,222.5,224.0,219.5,222.5
2025/06/12,223.5,225.5,221.0,221.5
2025/06/13,219.0,221.0,218.0,220.0
2025/06/16,220.0,223.0,219.0,221.0
2025/06/17,221.0,225.0,221.0,224.0
2025/06/18,224.0,235.0,222.5,234.5
2025/06/19,235.0,240.0,232.5,233.5
2025/06/20,233.5,237.5,229.0,230.0
2025/06/23,227.0,229.5,224.0,228.0
2025/06/24,233.5,234.5,228.5,229.0
2025/06/25,230.5,230.5,226.5,228.5
2025/06/26,228.5,234.0,228.0,229.5
2025/06/27,232.5,238.0,231.0,234.5
2025/06/30,237.5,239.0,233.0,235.0
2025/07/01,236.5,237.0,234.5,234.5
2025/07/02,237.0,237.0,234.5,234.5
2025/07/03,236.0,238.0,234.5,236.5
2025/07/04,237.5,237.5,231.5,231.5
2025/07/07,231.0,232.0,229.0,231.5
2025/07/08,229.5,229.5,222.0,223.0
2025/07/09,226.0,234.0,226.0,231.0
2025/07/10,230.5,233.0,228.0,229.0
2025/07/11,233.0,236.5,231.5,235.5
2025/07/14,237.0,239.0,233.5,233.5
2025/07/15,234.0,235.5,234.0,234.5
2025/07/16,237.0,246.0,236.5,241.0
2025/07/17,240.0,242.5,238.5,242.0
2025/07/18,242.0,243.0,238.5,242.0
2025/07/21,242.0,245.5,241.0,242.5
2025/07/22,243.5,243.5,236.0,236.5
2025/07/23,237.0,241.0,236.5,240.5
2025/07/24,240.0,243.0,239.5,241.0
2025/07/25,242.5,242.5,238.5,238.5
2025/07/28,240.0,241.5,238.5,240.0
2025/07/29,240.0,240.0,235.5,238.0
2025/07/30,238.0,238.5,235.0,235.5
2025/07/31,235.5,235.5,232.0,234.0
2025/08/01,232.5,235.5,230.0,235.0
2025/08/04,235.0,238.0,232.5,236.0
2025/08/05,237.5,242.0,237.0,241.5
2025/08/06,244.5,262.0,244.5,256.0
2025/08/07,258.5,259.0,255.0,256.5
2025/08/08,256.5,258.5,254.0,256.5
2025/08/11,256.0,256.0,248.5,249.0
2025/08/12,257.0,268.5,257.0,265.5
2025/08/13,267.5,267.5,255.0,258.0
2025/08/14,260.0,260.0,252.5,255.5
2025/08/15,255.5,255.5,253.0,254.0
2025/08/18,254.0,254.0,249.5,251.0
2025/08/19,252.0,253.5,249.0,249.5
2025/08/20,249.0,249.0,243.0,245.0
2025/08/21,246.0,247.5,241.0,244.0
2025/08/22,245.5,249.0,243.5,248.0
2025/08/25,251.0,251.5,246.0,249.0
2025/08/26,248.0,250.5,246.0,249.0
2025/08/27,251.0,254.5,250.5,254.0
2025/08/28,254.0,254.0,250.0,250.0
2025/08/29,251.0,253.0,250.0,251.0
2025/09/01,250.5,250.5,243.0,244.5
2025/09/02,245.5,247.0,243.0,243.5
2025/09/03,242.0,246.0,242.0,246.0
2025/09/04,247.0,247.5,244.5,244.5
2025/09/05,244.0,247.0,243.0,245.0
2025/09/08,247.0,251.0,247.0,249.0
2025/09/09,248.0,250.5,247.0,248.0
2025/09/10,250.5,252.5,250.0,250.0
2025/09/11,252.5,252.5,245.0,245.5
2025/09/12,246.5,247.0,243.0,244.0
2025/09/15,243.5,243.5,241.0,241.5
2025/09/16,242.5,248.5,242.5,248.0
2025/09/17,248.0,251.5,244.5,246.5
2025/09/18,248.5,254.0,248.0,250.5
2025/09/19,257.0,258.0,253.5,253.5
2025/09/22,257.0,257.0,252.0,253.5
2025/09/23,255.5,258.5,253.5,253.5
2025/09/24,255.5,255.5,251.0,253.5
2025/09/25,253.5,254.5,249.5,250.5
2025/09/26,250.5,250.5,245.0,247.5
2025/09/30,249.0,252.5,248.5,251.5
2025/10/01,253.0,262.0,253.0,255.0
2025/10/02,256.0,257.0,253.0,253.5
2025/10/03,253.5,254.5,252.0,253.5
2025/10/07,254.0,257.5,254.0,255.0
2025/10/08,255.0,257.0,253.0,256.5
2025/10/09,265.0,265.5,259.5,262.0
2025/10/13,255.0,260.0,252.0,256.0
2025/10/14,259.5,263.0,251.5,251.5
2025/10/15,255.0,255.0,250.5,252.5
2025/10/16,252.5,253.5,250.0,252.5
2025/10/17,251.0,251.5,249.5,249.5
2025/10/20,249.5,251.0,247.0,247.5
2025/10/21,248.5,251.5,248.0,249.5
2025/10/22,251.0,251.0,248.0,249.0
2025/10/23,249.0,251.5,248.5,250.5
2025/10/27,252.5,252.5,250.5,251.0
2025/10/28,251.0,251.0,245.5,246.5
2025/10/29,248.0,248.5,245.5,246.5
2025/10/30,248.5,248.5,243.5,245.0
2025/10/31,245.0,247.0,244.5,247.0
2025/11/03,248.0,251.0,248.0,249.0
2025/11/04,250.0,250.0,247.0,247.0
2025/11/05,246.0,247.0,242.5,247.0
2025/11/06,243.5,253.0,242.5,252.0
2025/11/07,250.0,253.0,248.5,251.5
2025/11/10,247.5,249.5,241.0,241.5
2025/11/11,241.5,244.0,241.5,242.5
2025/11/12,242.5,245.5,242.0,243.0
2025/11/13,243.5,243.5,236.0,237.0
2025/11/14,234.5,239.5,233.0,238.5
2025/11/17,238.5,238.5,233.0,233.0
2025/11/18,233.0,235.0,229.0,229.0
2025/11/19,229.0,236.5,229.0,231.0
2025/11/20,240.0,245.0,237.5,243.0
2025/11/21,238.0,244.0,236.0,239.0
2025/11/24,238.5,241.5,237.5,237.5
2025/11/25,240.5,240.5,238.0,238.5
2025/11/26,240.0,242.0,240.0,240.0
2025/11/27,242.0,244.5,241.0,241.0
2025/11/28,243.0,244.5,241.5,241.5
2025/12/01,243.0,244.5,240.0,240.5
2025/12/02,242.5,243.5,237.0,237.0
2025/12/03,240.0,241.0,238.5,238.5
2025/12/04,240.0,242.0,238.0,238.0
2025/12/05,237.5,239.5,236.5,237.5
2025/12/08,237.0,241.5,237.0,239.0
2025/12/09,243.0,244.0,241.5,243.5
2025/12/10,245.0,248.0,244.5,245.5
2025/12/11,246.0,246.5,243.0,244.5
2025/12/12,244.5,245.0,241.0,242.0
2025/12/15,239.5,244.5,239.0,243.0
2025/12/16,243.0,243.0,239.0,242.0
2025/12/17,242.0,243.5,241.0,243.0
2025/12/18,241.0,243.0,240.5,242.0
2025/12/19,243.0,243.5,242.0,242.0
2025/12/22,244.0,247.0,242.5,245.5
2025/12/23,248.0,250.0,246.0,247.0
2025/12/24,247.5,249.5,247.0,247.0
2025/12/26,249.5,250.5,247.0,247.0
2025/12/29,247.0,248.0,244.0,244.0
2025/12/30,244.0,244.5,242.5,243.5
2025/12/31,243.5,245.5,243.5,244.0
2026/01/02,245.0,246.0,243.0,243.0
2026/01/05,246.0,246.0,239.0,240.0
2026/01/06,240.5,243.5,239.0,242.5
2026/01/07,243.5,245.5,241.0,245.5
2026/01/08,245.5,248.5,244.5,247.5
2026/01/09,251.0,253.5,248.5,248.5
2026/01/12,249.5,250.5,246.5,248.5
2026/01/13,250.0,250.5,246.0,247.0
2026/01/14,247.5,250.5,246.5,248.5
2026/01/15,248.5,250.0,248.0,249.5
2026/01/16,250.0,251.0,247.5,248.5
2026/01/19,249.5,251.0,249.0,249.0
2026/01/20,249.5,249.5,247.5,249.5
2026/01/21,249.5,249.5,245.5,245.5
2026/01/22,249.0,256.0,248.5,256.0
2026/01/23,260.0,261.0,255.0,257.0
2026/01/26,257.0,259.5,250.5,251.0
2026/01/27,251.0,252.0,249.5,252.0
2026/01/28,254.5,256.0,252.0,253.5
2026/01/29,253.5,254.0,248.5,250.5
2026/01/30,250.5,252.0,248.0,249.0
2026/02/02,248.0,250.0,246.0,249.0
2026/02/03,251.5,262.0,251.5,261.5
2026/02/04,260.0,260.5,257.5,257.5
2026/02/05,257.5,268.0,257.0,259.0
2026/02/06,258.0,264.0,253.0,264.0
2026/02/09,272.0,290.0,269.0,286.0
2026/02/10,290.0,297.0,282.0,286.5
2026/02/11,293.0,297.0,284.5,285.5
2026/02/23,286.0,288.0,275.0,283.0
2026/02/24,283.0,283.0,277.0,280.5
2026/02/25,281.0,307.5,277.5,306.0
2026/02/26,300.5,305.0,294.5,295.5
2026/03/02,287.0,298.0,287.0,292.5
2026/03/03,293.0,301.0,289.0,289.5
2026/03/04,286.0,286.0,275.0,281.5
2026/03/05,289.0,292.5,285.5,292.0
2026/03/06,285.5,285.5,275.0,280.5
2026/03/09,254.0,275.5,253.0,273.0
2026/03/10,276.0,289.5,276.0,281.5
2026/03/11,276.0,295.0,276.0,286.5
2026/03/12,286.0,295.5,283.5,287.0
2026/03/13,287.0,290.5,286.0,288.5
2026/03/16,290.0,293.0,284.0,284.0
2026/03/17,287.0,296.0,285.0,290.5
2026/03/18,291.0,296.0,291.0,293.0
2026/03/19,292.0,297.5,291.0,296.0
2026/03/20,297.5,305.5,292.0,293.0
2026/03/23,285.5,294.0,285.5,290.0
2026/03/24,293.5,295.0,286.0,288.5
2026/03/25,289.0,291.5,288.5,288.5
2026/03/26,291.0,305.0,286.0,286.0
2026/03/27,281.0,285.5,280.5,284.5
2026/03/30,279.5,280.5,276.0,278.5
2026/03/31,278.0,279.0,269.5,270.0
2026/04/01,276.5,285.0,275.0,282.0
2026/04/02,282.0,283.0,278.5,279.5
2026/04/07,281.0,295.0,280.5,291.0
2026/04/08,292.0,300.5,289.5,293.0
2026/04/09,295.5,297.0,288.5,291.5
2026/04/10,296.0,296.0,290.0,290.5
2026/04/13,290.0,292.5,289.0,291.5
2026/04/14,294.5,295.0,289.5,292.0
2026/04/15,293.0,296.0,291.5,291.5
2026/04/16,278.0,279.5,264.0,265.5
2026/04/20,275.0,276.0,271.5,273.5
2026/04/21,273.5,275.0,269.0,273.5
2026/04/22,273.5,276.5,272.0,274.5
2026/04/23,276.5,278.0,264.5,269.0
2026/04/24,272.5,274.0,265.0,269.5
2026/04/27,270.5,296.0,266.5,295.0
2026/04/28,295.5,305.0,290.0,303.0
2026/04/29,298.5,332.5,292.5,328.0
2026/04/30,330.0,334.5,319.0,330.0
2026/05/04,350.0,363.0,350.0,363.0
2026/05/05,361.5,371.5,343.0,353.0
2026/05/06,367.0,369.0,335.5,343.5
2026/05/07,367.5,377.5,355.0,377.5
2026/05/08,377.5,403.0,377.0,395.0
2026/05/11,390.0,392.0,377.5,388.0
2026/05/12,387.0,395.0,380.0,391.5
2026/05/13,383.5,396.5,383.5,389.0
2026/05/14,393.0,397.5,381.5,386.0
2026/05/15,385.0,385.0,373.5,374.0
2026/05/18,366.0,373.5,358.5,366.0
2026/05/19,368.5,368.5,356.5,358.5
2026/05/20,357.0,364.0,354.0,355.5
2026/05/21,358.5,370.0,358.5,370.0
2026/05/22,371.5,374.5,363.5,366.5
2026/05/25,373.0,378.0,362.5,373.0
2026/05/26,378.0,381.0,361.5,377.0
2026/05/27,378.5,378.5,368.0,372.0
2026/05/28,370.0,381.5,360.0,364.5
2026/05/29,370.0,373.0,365.5,369.0
2026/06/01,369.0,369.5,363.0,364.0
2026/06/02,364.5,372.0,360.0,370.5
2026/06/03,373.5,396.5,370.5,390.0
2026/06/04,385.0,389.5,375.0,388.5
2026/06/05,387.5,398.0,375.5,384.0
2026/06/08,354.0,368.0,348.5,368.0
2026/06/09,358.0,359.0,334.0,342.0
2026/06/10,344.0,349.5,325.0,325.0
2026/06/11,321.5,330.5,311.0,317.5
2026/06/12,330.0,330.0,320.5,323.0
2026/06/15,328.0,328.0,318.0,320.0
2026/06/16,321.0,323.5,315.5,318.5
2026/06/17,315.5,317.5,312.0,315.5
2026/06/18,324.0,328.0,320.5,327.0
2026/06/22,334.5,334.5,318.5,323.5
2026/06/23,319.5,325.5,309.0,309.0
2026/06/24,309.5,320.0,309.5,317.0
2026/06/25,321.0,321.0,310.0,311.5
2026/06/26,312.0,317.0,304.0,304.0
2026/06/29,304.0,310.5,304.0,304.5
2026/06/30,309.5,316.5,309.0,311.0
2026/07/01,316.0,328.0,314.0,326.0
2026/07/02,324.5,346.0,319.0,344.5
2026/07/03,349.0,349.0,337.5,338.5
2026/07/06,336.5,338.5,329.5,330.5
2026/07/07,332.0,332.0,312.0,312.0
2026/07/08,312.5,315.5,304.0,310.0
2026/07/09,315.0,319.0,311.0,312.5
2026/07/13,317.5,317.5,308.0,315.0
2026/07/14,311.5,312.0,294.0,304.0
2026/07/15,309.0,311.5,306.5,309.0
2026/07/16,309.5,312.5,304.0,312.5
2026/07/17,305.0,310.0,296.0,296.0
2026/07/20,297.5,303.0,291.0,298.0
2026/07/21,303.0,310.0,300.5,309.0
2026/07/22,310.0,313.0,306.0,309.0
2026/07/23,315.0,315.0,306.5,309.5
2026/07/24,309.0,312.5,307.5,308.0
2026/07/27,309.0,312.5,306.0,310.0
2026/07/28,301.0,303.0,296.5,296.5
2026/07/29,295.5,297.5,278.5,283.0
2026/07/30,280.0,292.0,279.5,289.5
2026/07/31,302.0,306.0,295.5,300.0
2026/08/03,296.0,309.5,296.0,304.0
2026/08/04,302.0,308.0,301.0,305.0
2026/08/05,311.5,312.5,304.5,307.0
2026/08/06,298.0,298.0,287.5,296.0
2026/08/07,295.0,296.0,282.0,282.5
2026/08/10,284.0,292.0,283.0,289.0
2026/08/11,289.0,290.5,284.5,286.5
2026/08/12,286.0,291.0,286.0,288.5
2026/08/13,292.0,292.5,287.5,288.0
2026/08/14,291.0,294.0,288.0,289.5
2026/08/17,289.5,289.5,285.5,285.5
2026/08/18,285.5,286.5,281.0,281.0
2026/08/19,280.0,285.5,279.5,283.5
2026/08/20,283.5,286.5,281.5,282.5
2026/08/21,284.5,285.0,280.5,282.5
2026/08/24,282.0,283.0,279.0,279.0
2026/08/25,279.0,279.0,271.0,278.0
2026/08/26,279.0,282.0,278.0,280.0
2026/08/27,282.5,284.5,280.0,281.5
2026/08/28,282.0,287.5,281.5,286.0
2026/08/31,286.0,288.5,281.5,284.0
2026/09/01,283.5,287.5,283.5,285.0
2026/09/02,285.0,287.0,284.5,284.5
2026/09/03,286.0,286.5,280.0,280.0
2026/09/04,284.0,284.5,281.0,283.0
2026/09/07,284.0,284.0,280.0,281.0
2026/09/08,281.0,281.0,276.0,277.0
2026/09/09,279.5,280.0,276.5,278.0
2026/09/10,278.0,278.0,273.0,273.0
2026/09/11,271.0,271.0,267.0,268.5
2026/09/14,266.5,270.0,264.5,266.0
2026/09/15,266.0,266.5,262.0,262.0
2026/09/16,263.5,267.5,263.5,266.0
2026/09/17,267.5,269.5,265.0,265.0
2026/09/18,266.0,271.0,266.0,271.0
2026/09/21,272.5,272.5,269.5,270.5
2026/09/22,271.0,273.0,268.5,271.5
2026/09/23,271.5,272.5,269.0,269.0
2026/09/24,270.0,271.5,269.5,270.0
2026/09/29,270.5,273.5,268.5,270.5
2026/09/30,271.5,272.0,270.0,272.0
2026/10/01,273.0,274.5,270.0,272.0
2026/10/02,272.0,274.5,270.5,274.5
2026/10/05,277.0,277.0,274.0,276.0
2026/10/06,278.0,285.5,276.0,278.0
2026/10/07,278.0,278.0,272.5,276.5
2026/10/08,277.0,277.0,273.0,275.5
